# z gammaA
9.999999999999999547e-08 5.336130072615011093e+57
1.013918393116299169e-07 5.190633966199166158e+57
1.028030507899538125e-07 5.049104988899553453e+57
1.042339040644032515e-07 4.911434972093581487e+57
1.056846725172182206e-07 4.777518696508304206e+57
1.071556333356801916e-07 4.647253811802822253e+57
1.086470675650721945e-07 4.520540758343333221e+57
1.101592601623759818e-07 4.397282691111106713e+57
1.116925000507166064e-07 4.277385405685170900e+57
1.132470801745647361e-07 4.160757266243197712e+57
1.148232975557073609e-07 4.047309135525521919e+57
1.164214533499974908e-07 3.936954306708767460e+57
1.180418529048936338e-07 3.829608437137051965e+57
1.196848058178002885e-07 3.725189483860056205e+57
1.213506259952203576e-07 3.623617640928742789e+57
1.230396317127308245e-07 3.524815278400787291e+57
1.247521456757932735e-07 3.428706883009096499e+57
1.264884950814107815e-07 3.335219000448069419e+57
1.282490116806429194e-07 3.244280179233498514e+57
1.300340318419909488e-07 3.155820916093194793e+57
1.318438966156651227e-07 3.069773602846606820e+57
1.336789517987466658e-07 2.986072474732839336e+57
1.355395480012564240e-07 2.904653560147551758e+57
1.374260407131433910e-07 2.825454631750363623e+57
1.393387903722054482e-07 2.748415158905357109e+57
1.412781624329551023e-07 2.673476261418380431e+57
1.432445274364453344e-07 2.600580664535680692e+57
1.452382610810642960e-07 2.529672655169679144e+57
1.472597442943182281e-07 2.460698039318197307e+57
1.493093633056122373e-07 2.393604100644738284e+57
1.513875097200440715e-07 2.328339560188131830e+57
1.534945805932251866e-07 2.264854537170744084e+57
1.556309785071431617e-07 2.203100510875284314e+57
1.577971116470798607e-07 2.143030283561107233e+57
1.599933938796004822e-07 2.084597944391635987e+57
1.622202448316276326e-07 2.027758834345344169e+57
1.644780899706165142e-07 1.972469512083498694e+57
1.667673606858455777e-07 1.918687720748544837e+57
1.690884943708388101e-07 1.866372355667780248e+57
1.714419345069352756e-07 1.815483432937627569e+57
1.738281307480216067e-07 1.765982058864495738e+57
1.762475390064440145e-07 1.717830400238870314e+57
1.787006215401159668e-07 1.670991655419923336e+57
1.811878470408382858e-07 1.625430026208528398e+57
1.837096907238485577e-07 1.581110690487196959e+57
1.862666344186167904e-07 1.537999775606023362e+57
1.888591666609050843e-07 1.496064332494291048e+57
1.914877827861082005e-07 1.455272310477951189e+57
1.941529850238937440e-07 1.415592532783747198e+57
1.968552825941592435e-07 1.376994672711235222e+57
1.995951918043248971e-07 1.339449230454518210e+57
2.023732361479806172e-07 1.302927510555947910e+57
2.051899464049058519e-07 1.267401599974592893e+57
2.080458607424816628e-07 1.232844346752685911e+57
2.109415248185143581e-07 1.199229339263766156e+57
2.138774918854900010e-07 1.166530886026637587e+57
2.168543228962803370e-07 1.134723996069731262e+57
2.198725866113196194e-07 1.103784359830854201e+57
2.229328597072734836e-07 1.073688330577726850e+57
2.260357268872200667e-07 1.044412906335120132e+57
2.291817809923648385e-07 1.015935712304763356e+57
2.323716231153101356e-07 9.882349837646001891e+56
2.356058627149015262e-07 9.612895494343140198e+56
2.388851177326722883e-07 9.350788152944156263e+56
2.422100147109090294e-07 9.095827488465171190e+56
2.455811889123600731e-07 8.847818638027777992e+56
2.489992844416103841e-07 8.606572051928056817e+56
2.524649543681459263e-07 8.371903348766332866e+56
2.559788608511302975e-07 8.143633174527114094e+56
2.595416752659187357e-07 7.921587065501259143e+56
2.631540783323326822e-07 7.705595314945835545e+56
2.668167602447194147e-07 7.495492843379623108e+56
2.705304208038222126e-07 7.291119072415170536e+56
2.742957695504882136e-07 7.092317802030860460e+56
2.781135259012291019e-07 6.898937091189723966e+56
2.819844192856824320e-07 6.710829141712593280e+56
2.859091892859718955e-07 6.527850185318372325e+56
2.898885857780163977e-07 6.349860373743797130e+56
2.939233690748028753e-07 6.176723671859339700e+56
2.980143100716530288e-07 6.008307753699530066e+56
3.021621903935129293e-07 5.844483901328016647e+56
3.063678025442918614e-07 5.685126906460237468e+56
3.106319500582800514e-07 5.530114974768524309e+56
3.149554476536737587e-07 5.379329632796354842e+56
3.193391213882375916e-07 5.232655637410752768e+56
3.237838088171326324e-07 5.089980887723584274e+56
3.282903591529421372e-07 4.951196339414377330e+56
3.328596334279237676e-07 4.816195921389327840e+56
3.374925046585208587e-07 4.684876454712571410e+56
3.421898580121625295e-07 4.557137573748032171e+56
3.469525909763864108e-07 4.432881649451316052e+56
3.517816135303142708e-07 4.312013714753204893e+56
3.566778483185152161e-07 4.194441391977678899e+56
3.616422308272880175e-07 4.080074822238920293e+56
3.666757095633975564e-07 3.968826596763415722e+56
3.717792462352988465e-07 3.860611690084671854e+56
3.769538159368830977e-07 3.755347395059431870e+56
3.822004073337817124e-07 3.652953259655747150e+56
3.875200228522629445e-07 3.553351025464622159e+56
3.929136788707579599e-07 3.456464567888210188e+56
3.983824059140524574e-07 3.362219837958828188e+56
4.039272488501812768e-07 3.270544805744382583e+56
4.095492670900633184e-07 3.181369405296879468e+56
4.152495347899149941e-07 3.094625481102012787e+56
4.210291410564813344e-07 3.010246735988851969e+56
4.268891901551231849e-07 2.928168680459833554e+56
4.328308017208007777e-07 2.848328583402340596e+56
4.388551109719938088e-07 2.770665424144192490e+56
4.449632689275990467e-07 2.695119845816395332e+56
4.511564426268469265e-07 2.621634109987505166e+56
4.574358153522784199e-07 2.550152052534974794e+56
4.638025868558262290e-07 2.480619040719666308e+56
4.702579735880420714e-07 2.412981931430838259e+56
4.768032089305146863e-07 2.347189030569588488e+56
4.834395434315224997e-07 2.283190053539793341e+56
4.901682450449665316e-07 2.220936086816275232e+56
4.969905993726288065e-07 2.160379550560890066e+56
5.039079099098021673e-07 2.101474162257912464e+56
5.109214982943395083e-07 2.044174901340960479e+56
5.180327045591675318e-07 1.988437974784414027e+56
5.252428873883227848e-07 1.934220783632968400e+56
5.325534243765324234e-07 1.881481890443943773e+56
5.399657122924373244e-07 1.830180987617100564e+56
5.474811673454448390e-07 1.780278866588232343e+56
5.551012254563301968e-07 1.731737387862484371e+56
5.628273425315696190e-07 1.684519451864984656e+56
5.706609947415259495e-07 1.638588970586052514e+56
5.786036788024768511e-07 1.593910839999712914e+56
5.866569122625865750e-07 1.550450913234147303e+56
5.948222337918513736e-07 1.508175974473714287e+56
6.031012034760815552e-07 1.467053713572574012e+56
6.114954031149748131e-07 1.427052701360489573e+56
6.200064365243387457e-07 1.388142365621956088e+56
6.286359298425202723e-07 1.350292967730273032e+56
6.373855318410986941e-07 1.313475579918739065e+56
6.462569142399045529e-07 1.277662063171552998e+56
6.552517720264218860e-07 1.242825045717564865e+56
6.643718237796372965e-07 1.208937902110405285e+56
6.736188119983948176e-07 1.175974732879036960e+56
6.829945034343228466e-07 1.143910344733141951e+56
6.925006894293932925e-07 1.112720231308247767e+56
7.021391862581797431e-07 1.082380554435849999e+56
7.119118354748794525e-07 1.052868125924239459e+56
7.218205042651648977e-07 1.024160389836082109e+56
7.318670858029326687e-07 9.962354052492367584e+55
7.420534996120181944e-07 9.690718294876128025e+55
7.523816919329437513e-07 9.426489018092637941e+55
7.628536360947727027e-07 9.169464275392355150e+55
7.734713328921379460e-07 8.919447626350606993e+55
7.842368109675185753e-07 8.676247986730947354e+55
7.951521271988371822e-07 8.439679482442106192e+55
8.062193670924521199e-07 8.209561307477019155e+55
8.174406451816187432e-07 7.985717585725313701e+55
8.288181054304976539e-07 7.767977236553680344e+55
8.403539216437855520e-07 7.556173844051299506e+55
8.520502978820473588e-07 7.350145529840497650e+55
8.639094688828295528e-07 7.149734829355356582e+55
8.759337004876339138e-07 6.954788571493760184e+55
8.881252900748354270e-07 6.765157761550828112e+55
9.004865669986241798e-07 6.580697467344365780e+55
9.130198930340576477e-07 6.401266708445211830e+55
9.257276628283070151e-07 6.226728348427862187e+55
9.386123043581841393e-07 6.056948990059014770e+55
9.516762793940367203e-07 5.891798873343925292e+55
9.649220839700998725e-07 5.731151776352647861e+55
9.783522488613942033e-07 5.574884918750396659e+55
9.919693400672624059e-07 5.422878867958216260e+55
1.005775959301634470e-06 5.275017447872352129e+55
1.019774744490115321e-06 5.131187650072490994e+55
1.033968370274004362e-06 4.991279547450900652e+55
1.048359548521294993e-06 4.855186210196887250e+55
1.062951028844842357e-06 4.722803624071549997e+55
1.077745599127677295e-06 4.594030610911443086e+55
1.092746086055699858e-06 4.468768751299237397e+55
1.107955355657718081e-06 4.346922309343404949e+55
1.123376313853073415e-06 4.228398159508339257e+55
1.139011907006817254e-06 4.113105715440085332e+55
1.154865122492683547e-06 4.000956860732198563e+55
1.170938989263839712e-06 3.891865881579770573e+55
1.187236578431615760e-06 3.785749401269518547e+55
1.203761003852276835e-06 3.682526316456104899e+55
1.220515422721963705e-06 3.582117735176012759e+55
1.237503036179914045e-06 3.484446916551492900e+55
1.254727089920079733e-06 3.389439212138600987e+55
1.272190874811257458e-06 3.297022008874424746e+55
1.289897727525848896e-06 3.207124673579930218e+55
1.307851031177374558e-06 3.119678498976021911e+55
1.326054215966858393e-06 3.034616651171513122e+55
1.344510759838211060e-06 2.951874118582920613e+55
1.363224189142733207e-06 2.871387662247022484e+55
1.382198079312869826e-06 2.793095767488194496e+55
1.401436055545339999e-06 2.716938596903609900e+55
1.420941793493775643e-06 2.642857944630339029e+55
1.440719019971001183e-06 2.570797191859425325e+55
1.460771513661086722e-06 2.500701263562916648e+55
1.481103105841312968e-06 2.432516586400794660e+55
1.501717681114183888e-06 2.366191047775611563e+55
1.522619178149628312e-06 2.301673956003564984e+55
1.543811590437531112e-06 2.238916001571547546e+55
1.565298967050739635e-06 2.177869219450579636e+55
1.587085413418688746e-06 2.118486952436797202e+55
1.609175092111794000e-06 2.060723815492015176e+55
1.631572223636762850e-06 2.004535661056559027e+55
1.654281087242973611e-06 1.949879545307919590e+55
1.677306021740079945e-06 1.896713695339373790e+55
1.700651426326994167e-06 1.844997477233542554e+55
1.724321761432408209e-06 1.794691365006451720e+55
1.748321549567013790e-06 1.745756910398379082e+55
1.772655376187584659e-06 1.698156713488375327e+55
1.797327890573084582e-06 1.651854394110037778e+55
1.822343806712969430e-06 1.606814564046650821e+55
1.847707904207853402e-06 1.563002799984466997e+55
1.873425029182711553e-06 1.520385617203447502e+55
1.899500095212790568e-06 1.478930443985359292e+55
1.925938084262409680e-06 1.438605596719664462e+55
1.952744047636821992e-06 1.399380255688185023e+55
1.979923106947348384e-06 1.361224441509994962e+55
2.007480455089881826e-06 1.324108992228655966e+55
2.035421357237114059e-06 1.288005541024062407e+55
2.063751151844446936e-06 1.252886494532159382e+55
2.092475251670037352e-06 1.218725011755638406e+55
2.121599144808903770e-06 1.185494983549816606e+55
2.151128395741562331e-06 1.153171012667706010e+55
2.181068646397122656e-06 1.121728394349325961e+55
2.211425617231316842e-06 1.091143097440124677e+55
2.242205108319392197e-06 1.061391746024378004e+55
2.273413000464355588e-06 1.032451601559235011e+55
2.305055256320523691e-06 1.004300545496018120e+55
2.337137921532783993e-06 9.769170623752982422e+54
2.369667125891687693e-06 9.502802233829370964e+54
2.402649084504618869e-06 9.243696703544865250e+54
2.436090098983270292e-06 8.991656002157259534e+54
2.469996558647643585e-06 8.746487498474492022e+54
2.504374941746807511e-06 8.508003813629348662e+54
2.539231816696648154e-06 8.276022677868344613e+54
2.574573843334846493e-06 8.050366791245540528e+54
2.610407774193321782e-06 7.830863688114673637e+54
2.646740455788387673e-06 7.617345605316038027e+54
2.683578829928863305e-06 7.409649353957458577e+54
2.720929935042391381e-06 7.207616194691306888e+54
2.758800907520217317e-06 7.011091716392224313e+54
2.797198983080686556e-06 6.819925718142840139e+54
2.836131498151715837e-06 6.633972094437334572e+54
2.875605891272509481e-06 6.453088723515008775e+54
2.915629704514786234e-06 6.277137358738630742e+54
2.956210584923781782e-06 6.105983522934446452e+54
2.997356285979315794e-06 5.939496405613155607e+54
3.039074669077186047e-06 5.777548762993280764e+54
3.081373705031189086e-06 5.620016820750524895e+54
3.124261475596040147e-06 5.466780179418763646e+54
3.167746175011494311e-06 5.317721722370440536e+54
3.211836111567957317e-06 5.172727526305938240e+54
3.256539709193885861e-06 5.031686774183602687e+54
3.301865509065284456e-06 4.894491670523835560e+54
3.347822171237604187e-06 4.761037359022481779e+54
3.394418476300351274e-06 4.631221842410648194e+54
3.441663327054728566e-06 4.504945904499599899e+54
3.489565750214626364e-06 4.382113034351216740e+54
3.538134898131286525e-06 4.262629352516032708e+54
3.587380050541974880e-06 4.146403539282470704e+54
3.637310616342987213e-06 4.033346764882472247e+54
3.687936135387336927e-06 3.923372621600142701e+54
3.739266280307462799e-06 3.816397057731540755e+54
3.791310858363303676e-06 3.712338313345123079e+54
3.844079813316089513e-06 3.611116857793810168e+54
3.897583227328260840e-06 3.512655328930709878e+54
3.951831322889701301e-06 3.416878473982507457e+54
4.006834464770992245e-06 3.323713092034581233e+54
4.062603162003602541e-06 3.233087978084795510e+54
4.119148069887897065e-06 3.144933868622300198e+54
4.176479992028833006e-06 3.059183388690594144e+54
4.234609882400257089e-06 2.975771000393589880e+54
4.293548847437659709e-06 2.894632952806113515e+54
4.353308148160338905e-06 2.815707233249762465e+54
4.413899202322814065e-06 2.738933519897677417e+54
4.475333586596461779e-06 2.664253135671229324e+54
4.537623038781288267e-06 2.591609003394081385e+54
4.600779460048621903e-06 2.520945602168834519e+54
4.664814917214973159e-06 2.452208924943197587e+54
4.729741645047547332e-06 2.385346437233148949e+54
4.795572048601850491e-06 2.320307036971562908e+54
4.862318705591826579e-06 2.257041015451614351e+54
4.929994368792988141e-06 2.195500019335103534e+54
4.998611968478990451e-06 2.135637013696679327e+54
5.068184614892118300e-06 2.077406246075700487e+54
5.138725600748165711e-06 2.020763211508267696e+54
5.210248403776169359e-06 1.965664618512699563e+54
5.282766689293496310e-06 1.912068356002460136e+54
5.356294312816773098e-06 1.859933461101237917e+54
5.430845322709153381e-06 1.809220087835603227e+54
5.506433962864434048e-06 1.759889476681264923e+54
5.583074675428522117e-06 1.711903924939731771e+54
5.660782103558790238e-06 1.665226757922647981e+54
5.739571094221832457e-06 1.619822300921848886e+54
5.819456701030158915e-06 1.575655851943675847e+54
5.900454187118377539e-06 1.532693655186729867e+54
5.982579028059403964e-06 1.490902875242778487e+54
6.065846914821262122e-06 1.450251572001118890e+54
6.150273756765034541e-06 1.410708676237189977e+54
6.235875684684547648e-06 1.372243965866800746e+54
6.322669053888357901e-06 1.334828042847812391e+54
6.410670447324635049e-06 1.298432310711626586e+54
6.499896678749540549e-06 1.263028952707300269e+54
6.590364795939703351e-06 1.228590910541593536e+54
6.682092083949410558e-06 1.195091863698692631e+54
6.775096068413128749e-06 1.162506209323807865e+54
6.869394518893995474e-06 1.130809042655268271e+54
6.965005452278912805e-06 1.099976137990158407e+54
7.061947136220896859e-06 1.069983930168954347e+54
7.160238092629342276e-06 1.040809496564999698e+54
7.259897101208857266e-06 1.012430539565061980e+54
7.360943203047347687e-06 9.848253695275808013e+53
7.463395704254125199e-06 9.579728882055593556e+53
7.567274179648417263e-06 9.318525726215132129e+53
7.672598476499598673e-06 9.064444593819810741e+53
7.779388718319022627e-06 8.817291294198483825e+53
7.887665308705104776e-06 8.576876931525640461e+53
7.997448935241440842e-06 8.343017760451533193e+53
8.108760573449675602e-06 8.115535045667609471e+53
8.221621490796878441e-06 7.894254925302158016e+53
8.336053250759219494e-06 7.679008278039573239e+53
8.452077716941671929e-06 7.469630593863819144e+53
8.569717057255595390e-06 7.265961848325206615e+53
8.688993748153915975e-06 7.067846380236424117e+53
8.809930578925786565e-06 6.875132772702439791e+53
8.932550656050580124e-06 6.687673737394967001e+53
9.056877407612749084e-06 6.505326001981943761e+53
9.182934587778030246e-06 6.327950200626493525e+53
9.310746281331984530e-06 6.155410767471567702e+53
9.440336908281684732e-06 5.987575833028844579e+53
9.571731228521455898e-06 5.824317123392738372e+53
9.704954346563574670e-06 5.665509862202424039e+53
9.840031716334781388e-06 5.511032675277008073e+53
9.976989146039580742e-06 5.360767497850955093e+53
1.011585280309120850e-05 5.214599484338804338e+53
1.025664921911124857e-05 5.072416920560312290e+53
1.039940529499882194e-05 4.934111138358861570e+53
1.054414830607033855e-05 4.799576432547895493e+53
1.069090590727078451e-05 4.668709980121937723e+53
1.083970613845754410e-05 4.541411761670371142e+53
1.099057742975775613e-05 4.417584484934034317e+53
1.114354860700024812e-05 4.297133510446076405e+53
1.129864889722306480e-05 4.179966779200356457e+53
1.145590793425765478e-05 4.065994742292015539e+53
1.161535576439078441e-05 3.955130292476498733e+53
1.177702285210524591e-05 3.847288697594702658e+53
1.194094008590048488e-05 3.742387535813381391e+53
1.210713878419422271e-05 3.640346632631272910e+53
1.227565070130622935e-05 3.541087999602858213e+53
1.244650803352538149e-05 3.444535774732868569e+53
1.261974342526116306e-05 3.350616164496036228e+53
1.279538997528077880e-05 3.259257387437720449e+53
1.297348124303309040e-05 3.170389619312347372e+53
1.315405125506055764e-05 3.083944939717714595e+53
1.333713451150040938e-05 2.999857280184390791e+53
1.352276599267646066e-05 2.918062373680432205e+53
1.371098116578222462e-05 2.838497705493139797e+53
1.390181599165778262e-05 2.761102465449733922e+53
1.409530693166010062e-05 2.685817501441202010e+53
1.429149095462987010e-05 2.612585274212961777e+53
1.449040554395441268e-05 2.541349813388596291e+53
1.469208870472979936e-05 2.472056674692311943e+53
1.489657897102173727e-05 2.404652898338096190e+53
1.510391541322844250e-05 2.339086968553127887e+53
1.531413764554505355e-05 2.275308774205158466e+53
1.552728583353289737e-05 2.213269570503112227e+53
1.574340070179311825e-05 2.152921941742275224e+53
1.596252354174812555e-05 2.094219765064984148e+53
1.618469621953032327e-05 2.037118175209715106e+53
1.640996118398165858e-05 1.981573530221051118e+53
1.663836147476349138e-05 1.927543378094881238e+53
1.686994073058036938e-05 1.874986424332789933e+53
1.710474319751722097e-05 1.823862500381379885e+53
1.734281373749364187e-05 1.774132532931882429e+53
1.758419783683479450e-05 1.725758514057092730e+53
1.782894161496267419e-05 1.678703472162324392e+53
1.807709183320723383e-05 1.632931443728646694e+53
1.832869590374129064e-05 1.588407445826365860e+53
1.858380189863862532e-05 1.545097449378160702e+53
1.884245855905930219e-05 1.502968353151032711e+53
1.910471530456186475e-05 1.461987958457577286e+53
1.937062224254573368e-05 1.422124944546933529e+53
1.964023017782481030e-05 1.383348844666784256e+53
1.991359062233437926e-05 1.345630022778039717e+53
2.019075580497307575e-05 1.308939650904425467e+53
2.047177868158188906e-05 1.273249687099665505e+53
2.075671294506201858e-05 1.238532854015410755e+53
2.104561303563356423e-05 1.204762618053544025e+53
2.133853415123702335e-05 1.171913169086922400e+53
2.163553225807951492e-05 1.139959400733053821e+53
2.193666410132783529e-05 1.108876891165643105e+53
2.224198721595032071e-05 1.078641884449326790e+53
2.255155993770961714e-05 1.049231272383344702e+53
2.286544141430844128e-05 1.020622576840270908e+53
2.318369161669049419e-05 9.927939325862799351e+52
2.350637135049863855e-05 9.657240705698703789e+52
2.383354226769259244e-05 9.393923016662131938e+52
2.416526687832826765e-05 9.137785008647489277e+52
2.450160856250112386e-05 8.888630918879196299e+52
2.484263158245569395e-05 8.646270322292946303e+52
2.518840109486369922e-05 8.410517985996487243e+52
2.553898316327303153e-05 8.181193727698702123e+52
2.589444477073001130e-05 7.958122277998782354e+52
2.625485383257727265e-05 7.741133146430339428e+52
2.662027920943010827e-05 7.530060491157725747e+52
2.699079072033254789e-05 7.324742992225789166e+52
2.736645915609794763e-05 7.125023728264838741e+52
2.774735629283360571e-05 6.930750056558280827e+52
2.813355490565533720e-05 6.741773496379478661e+52
2.852512878259117762e-05 6.557949615510449883e+52
2.892215273868039882e-05 6.379137919853886007e+52
2.932470263026693927e-05 6.205201746055932868e+52
2.973285536949362513e-05 6.036008157055834334e+52
3.014668893899624037e-05 5.871427840484443403e+52
3.056628240680404245e-05 5.711335009832146847e+52
3.099171594144569032e-05 5.555607308312415335e+52
3.142307082726747273e-05 5.404125715345809559e+52
3.186042947996262396e-05 5.256774455594600504e+52
3.230387546231893684e-05 5.113440910476923106e+52
3.275349350018339579e-05 4.974015532094325178e+52
3.320936949865115843e-05 4.838391759505492006e+52
3.367159055847775400e-05 4.706465937283520846e+52
3.414024499272178329e-05 4.578137236293248616e+52
3.461542234361717114e-05 4.453307576629202480e+52
3.509721339968243243e-05 4.331881552654241097e+52
3.558571021306577905e-05 4.213766360082631457e+52
3.608100611713400301e-05 4.098871725050742148e+52
3.658319574430379394e-05 3.987109835122274314e+52
3.709237504412353433e-05 3.878395272174181668e+52
3.760864130160484760e-05 3.772644947112970439e+52
3.813209315581047183e-05 3.669778036370793053e+52
3.866283061870037693e-05 3.569715920133139893e+52
3.920095509424033326e-05 3.472382122250796384e+52
3.974656939777636050e-05 3.377702251790193745e+52
4.029977777567887861e-05 3.285603946177476986e+52
4.086068592526026743e-05 3.196016815892772834e+52
4.142940101496967039e-05 3.108872390672476919e+52
4.200603170486882335e-05 3.024104067178380741e+52
4.259068816739290669e-05 2.941647058093673841e+52
4.318348210840039150e-05 2.861438342606895555e+52
4.378452678851577616e-05 2.783416618246017121e+52
4.439393704476946885e-05 2.707522254025806907e+52
4.501182931253880733e-05 2.633697244872708687e+52
4.563832164779447798e-05 2.561885167292367849e+52
4.627353374965658306e-05 2.492031136245948504e+52
4.691758698326463877e-05 2.424081763202257499e+52
4.757060440296587459e-05 2.357985115333634830e+52
4.823271077582629978e-05 2.293690675824427823e+52
4.890403260546900903e-05 2.231149305261681275e+52
4.958469815624423377e-05 2.170313204078576176e+52
5.027483747773587561e-05 2.111135876021886795e+52
5.097458242960904837e-05 2.053572092615544746e+52
5.168406670680344007e-05 1.997577858593150187e+52
5.240342586507786151e-05 1.943110378272967600e+52
5.313279734690874614e-05 1.890128022849866123e+52
5.387232050775178323e-05 1.838590298578892183e+52
5.462213664266582356e-05 1.788457815826583443e+52
5.538238901331076711e-05 1.739692258965906004e+52
5.615322287531771840e-05 1.692256357092267702e+52
5.693478550604366082e-05 1.646113855537777746e+52
5.772722623270882728e-05 1.601229488162411144e+52
5.853069646092932352e-05 1.557568950400493373e+52
5.934534970364319486e-05 1.515098873042297320e+52
6.017134161044287218e-05 1.473786796730321718e+52
6.100882999731201866e-05 1.433601147151157243e+52
6.185797487678018722e-05 1.394511210903579557e+52
6.271893848849324933e-05 1.356487112024823136e+52
6.359188533021320163e-05 1.319499789156707447e+52
6.447698218924559550e-05 1.283520973334532765e+52
6.537439817430826402e-05 1.248523166381422045e+52
6.628430474783962513e-05 1.214479619891928728e+52
6.720687575876076408e-05 1.181364314788525175e+52
6.814228747568933000e-05 1.149151941435661857e+52
6.909071862061997823e-05 1.117817880295888897e+52
7.005235040306923065e-05 1.087338183113564164e+52
7.102736655470002775e-05 1.057689554611459265e+52
7.201595336442366839e-05 1.028849334686578923e+52
7.301829971399479053e-05 1.000795481091294114e+52
7.403459711409791574e-05 9.735065525868050783e+51
7.506503974093875747e-05 9.469616925558817113e+51
7.610982447334374915e-05 9.211406130624482740e+51
7.716915093037627596e-05 8.960235793457925575e+51
7.824322150947627807e-05 8.715913947375659199e+51
7.933224142513082828e-05 8.478253859900402179e+51
8.043641874808294843e-05 8.247073890044010878e+51
8.155596444508602326e-05 8.022197349481809628e+51
8.269109241921164543e-05 7.803452367512192721e+51
8.384201955071845375e-05 7.590671759698241104e+51
8.500896573848978454e-05 7.383692900090958543e+51
8.619215394204809153e-05 7.182357596936575191e+51
8.739181022415408939e-05 6.986511971772759143e+51
8.860816379399887466e-05 6.796006341821479570e+51
8.984144705099716900e-05 6.610695105588535364e+51
9.109189562919011438e-05 6.430436631582357860e+51
9.235974844226607714e-05 6.255093150067052942e+51
9.364524772920802603e-05 6.084530647766922131e+51
9.494863910057636108e-05 5.918618765441955979e+51
9.627017158543579932e-05 5.757230698256097948e+51
9.761009767893545153e-05 5.600243098862096744e+51
9.896867339055123822e-05 5.447535983128835322e+51
1.003461582929994402e-04 5.298992638439128306e+51
1.017428155718317788e-04 5.154499534487881007e+51
1.031589120757196552e-04 5.013946236512513693e+51
1.045947183674392596e-04 4.877225320889172432e+51
1.060505087755658695e-04 4.744232293030356644e+51
1.075265614468877201e-04 4.614865507521170634e+51
1.090231583995493936e-04 4.489026090433158306e+51
1.105405855769348781e-04 4.366617863756320498e+51
1.120791329023005560e-04 4.247547271891613171e+51
1.136390943341687054e-04 4.131723310147724023e+51
1.152207679224918695e-04 4.019057455187423151e+51
1.168244558655989773e-04 3.909463597370445583e+51
1.184504645679341226e-04 3.802857974941071776e+51
1.200991046985988879e-04 3.699159110010196470e+51
1.217706912507095533e-04 3.598287746282913173e+51
1.234655436015804004e-04 3.500166788484033211e+51
1.251839855737447787e-04 3.404721243435241020e+51
1.269263454968252655e-04 3.311878162738858727e+51
1.286929562702652781e-04 3.221566587024401379e+51
1.304841554269335234e-04 3.133717491715319710e+51
1.323002851976138607e-04 3.048263734274474499e+51
1.341416925763927492e-04 2.965140002888045632e+51
1.360087293869567194e-04 2.884282766548613142e+51
1.379017523498127186e-04 2.805630226499292949e+51
1.398211231504439323e-04 2.729122269001818235e+51
1.417672085084141476e-04 2.654700419392449022e+51
1.437403802474345892e-04 2.582307797390575780e+51
1.457410153664047219e-04 2.511889073625960598e+51
1.477694961114429299e-04 2.443390427351234009e+51
1.498262100489194048e-04 2.376759505307467853e+51
1.519115501395054734e-04 2.311945381711295236e+51
1.540259148132535141e-04 2.248898519333061817e+51
1.561697080457219629e-04 2.187570731636199838e+51
1.583433394351599908e-04 2.127915145948937093e+51
1.605472242807661387e-04 2.069886167640162567e+51
1.627817836620364664e-04 2.013439445272091194e+51
1.650474445192170428e-04 1.958531836703075101e+51
1.673446397348760919e-04 1.905121376114666930e+51
1.696738082166115427e-04 1.853167241937737109e+51
1.720353949809098654e-04 1.802629725653107484e+51
1.744298512381719710e-04 1.753470201442891876e+51
1.768576344789224083e-04 1.705651096669319610e+51
1.793192085612188005e-04 1.659135863158490665e+51
1.818150437992774576e-04 1.613888949267122883e+51
1.843456170533329472e-04 1.569875772710920899e+51
1.869114118207479674e-04 1.527062694133820526e+51
1.895129183283916264e-04 1.485416991397898367e+51
1.921506336263032627e-04 1.444906834574300647e+51
1.948250616826601247e-04 1.405501261616066342e+51
1.975367134800663966e-04 1.367170154694278941e+51
2.002861071131837060e-04 1.329884217179412353e+51
2.030737678877181861e-04 1.293614951250341591e+51
2.059002284207875377e-04 1.258334636113849774e+51
2.087660287426838378e-04 1.224016306818010262e+51
2.116717164000531039e-04 1.190633733643255266e+51
2.146178465605108284e-04 1.158161402055361481e+51
2.176049821187135702e-04 1.126574493205053800e+51
2.206336938039070667e-04 1.095848864959297746e+51
2.237045602889710058e-04 1.065961033449812954e+51
2.268181683009817622e-04 1.036888155124672038e+51
2.299751127333136979e-04 1.008608009289298104e+51
2.331759967593011716e-04 9.810989811234943752e+50
2.364214319474820195e-04 9.543400451615421160e+50
2.397120383784454392e-04 9.283107492227272391e+50
2.430484447633060130e-04 9.029911987800276461e+50
2.464312885638268312e-04 8.783620417549999137e+50
2.498612161142142914e-04 8.544044537272580059e+50
2.533388827446085090e-04 8.311001235472312874e+50
2.568649529062919448e-04 8.084312393412087887e+50
2.604401002986413746e-04 7.863804748979714321e+50
2.640650079978462683e-04 7.649309764266108429e+50
2.677403685874189766e-04 7.440663496754140048e+50
2.714668842905214969e-04 7.237706474019627663e+50
2.752452671041335413e-04 7.040283571848824936e+50
2.790762389350896593e-04 6.848243895679072755e+50
2.829605317380064515e-04 6.661440665272304080e+50
2.868988876551330485e-04 6.479731102532867519e+50
2.908920591581461070e-04 6.302976322384257600e+50
2.949408091919189208e-04 6.131041226621177359e+50
2.990459113202914273e-04 5.963794400655883560e+50
3.032081498738691352e-04 5.801108013079818541e+50
3.074283200998794352e-04 5.642857717963880403e+50
3.117072283141129928e-04 5.488922559822549179e+50
3.160456920549808003e-04 5.339184881169305600e+50
3.204445402397148039e-04 5.193530232592643302e+50
3.249046133227428989e-04 5.051847285283983313e+50
3.294267634562679991e-04 4.914027745950644752e+50
3.340118546530824063e-04 4.779966274048756200e+50
3.386607629516481615e-04 4.649560401272972737e+50
3.433743765834749843e-04 4.522710453241371463e+50
3.481535961428279449e-04 4.399319473315714422e+50
3.529993347587970709e-04 4.279293148498834632e+50
3.579125182697620654e-04 4.162539737352547531e+50
3.628940854002852038e-04 4.048969999880934843e+50
3.679449879404661831e-04 3.938497129325475353e+50
3.730661909277935089e-04 3.831036685819820475e+50
3.782586728315268446e-04 3.726506531853627519e+50
3.835234257396456120e-04 3.624826769495973896e+50
3.888614555483993528e-04 3.525919679330504602e+50
3.942737821544982845e-04 3.429709661055534143e+50
3.997614396499746259e-04 3.336123175703833958e+50
4.053254765197606617e-04 3.245088689437806318e+50
4.109669558420139595e-04 3.156536618877167138e+50
4.166869554912318589e-04 3.070399277917348439e+50
4.224865683441926382e-04 2.986610825997945650e+50
4.283669024887633119e-04 2.905107217781703449e+50
4.343290814356132526e-04 2.825826154205558164e+50
4.403742443328752167e-04 2.748707034866329742e+50
4.465035461837933467e-04 2.673690911704684425e+50
4.527181580674009766e-04 2.600720443951954984e+50
4.590192673622699279e-04 2.529739854305390264e+50
4.654080779733735804e-04 2.460694886298343319e+50
4.718858105621082230e-04 2.393532762832812936e+50
4.784537027795150786e-04 2.328202145842644345e+50
4.851130095027492975e-04 2.264653097056560187e+50
4.918650030748395038e-04 2.202837039831041809e+50
4.987109735477847881e-04 2.142706722023873541e+50
5.056522289290351149e-04 2.084216179879997945e+50
5.126900954314022544e-04 2.027320702902056098e+50
5.198259177264494312e-04 1.971976799678776209e+50
5.270610592014071238e-04 1.918142164645104964e+50
5.343969022196653216e-04 1.865775645748645142e+50
5.418348483848904867e-04 1.814837212997731325e+50
5.493763188088217559e-04 1.765287927867042719e+50
5.570227543827882327e-04 1.717089913537461268e+50
5.647756160530115546e-04 1.670206325947332292e+50
5.726363850997374287e-04 1.624601325633064315e+50
5.806065634202519721e-04 1.580240050337536678e+50
5.886876738158384765e-04 1.537088588365351564e+50
5.968812602827270729e-04 1.495113952664610460e+50
6.051888883070941083e-04 1.454284055615369919e+50
6.136121451641682626e-04 1.414567684505520246e+50
6.221526402214987020e-04 1.375934477675346035e+50
6.308120052464450062e-04 1.338354901312540264e+50
6.395918947179459000e-04 1.301800226879919303e+50
6.484939861426289136e-04 1.266242509158608680e+50
6.575199803753177833e-04 1.231654564889901309e+50
6.666716019440027544e-04 1.198009951999475841e+50
6.759505993793322228e-04 1.165282949388088782e+50
6.853587455486918542e-04 1.133448537273300159e+50
6.948978379949321106e-04 1.102482378067203931e+50
7.045696992798119486e-04 1.072360797775550579e+50
7.143761773322210296e-04 1.043060767904048266e+50
7.243191458012498323e-04 1.014559887858006758e+50
7.344005044141735860e-04 9.868363678218758601e+49
7.446221793394184382e-04 9.598690121055956251e+49
7.549861235545798953e-04 9.336372029450345372e+49
7.654943172195624937e-04 9.081208847441169618e+49
7.761487680549173512e-04 8.833005487466083857e+49
7.869515117254369078e-04 8.591572181258613432e+49
7.979046122290973844e-04 8.356724334810818396e+49
8.090101622914102177e-04 8.128282387290765149e+49
8.202702837652630285e-04 7.906071673806679020e+49
8.316871280363261239e-04 7.689922291913061601e+49
8.432628764341015132e-04 7.479668971756612350e+49
8.549997406486925002e-04 7.275150949762851143e+49
8.668999631533748406e-04 7.076211845766788218e+49
8.789658176330487210e-04 6.882699543493742974e+49
8.911996094186547170e-04 6.694466074299082978e+49
9.036036759276358044e-04 6.511367504077838384e+49
9.161803871105295583e-04 6.333263823257931121e+49
9.289321459037770592e-04 6.160018839792850663e+49
9.418613886888330729e-04 5.991500075071997716e+49
9.549705857576677118e-04 5.827578662669167475e+49
9.682622417847453356e-04 5.668129249851788552e+49
9.817388963055744770e-04 5.513029901775609530e+49
9.954031242019171534e-04 5.362162008291635254e+49
1.009257536193750590e-03 5.215410193294101556e+49
1.023304779338082837e-03 5.072662226540118281e+49
1.037547537534697951e-03 4.933808937873785033e+49
1.051988532038953920e-03 4.798744133788955836e+49
1.066630521981710511e-03 4.667364516267074105e+49
1.081476304896495256e-03 4.539569603828004500e+49
1.096528717254007315e-03 4.415261654733462821e+49
1.111790635004059839e-03 4.294345592284444185e+49
1.127264974125065985e-03 4.176728932155461522e+49
1.142954691181173555e-03 4.062321711710131854e+49
1.158862783887151240e-03 3.951036421244024254e+49
1.174992291681141400e-03 3.842787937102291990e+49
1.191346296305380650e-03 3.737493456620895414e+49
1.207927922395005994e-03 3.635072434841734630e+49
1.224740338075054049e-03 3.535446522953337678e+49
1.241786755565771772e-03 3.438539508410005395e+49
1.259070431796349915e-03 3.344277256683701026e+49
1.276594669027199995e-03 3.252587654604110275e+49
1.294362815480892305e-03 3.163400555243645917e+49
1.312378265981875092e-03 3.076647724305182045e+49
1.330644462605097642e-03 2.992262787971603170e+49
1.349164895333662163e-03 2.910181182177300166e+49
1.367943102725626553e-03 2.830340103262835938e+49
1.386982672590091623e-03 2.752678459975045286e+49
1.406287242672695729e-03 2.677136826775937306e+49
1.425860501350650596e-03 2.603657398424664353e+49
1.445706188337452349e-03 2.532183945797856908e+49
1.465828095397399364e-03 2.462661772914585863e+49
1.486230067070056383e-03 2.395037675133073554e+49
1.506916001404801043e-03 2.329259898487211826e+49
1.527889850705594667e-03 2.265278100131833042e+49
1.549155622286118661e-03 2.203043309866462954e+49
1.570717379235421832e-03 2.142507892708177410e+49
1.592579241194223448e-03 2.083625512484956720e+49
1.614745385142022120e-03 2.026351096421695547e+49
1.637220046195158587e-03 1.970640800691818533e+49
1.660007518415988108e-03 1.916451976908162961e+49
1.683112155633314025e-03 1.863743139527525481e+49
1.706538372274240146e-03 1.812473934143956386e+49
1.730290644207602190e-03 1.762605106646568193e+49
1.754373509599137888e-03 1.714098473218285771e+49
1.778791569778556420e-03 1.666916891152628559e+49
1.803549490118693237e-03 1.621024230466151265e+49
1.828652000926866061e-03 1.576385346284976592e+49
1.854103898348673186e-03 1.532966051984172579e+49
1.879910045284352701e-03 1.490733093059531453e+49
1.906075372317899948e-03 1.449654121711765363e+49
1.932604878659116695e-03 1.409697672123677474e+49
1.959503633098771784e-03 1.370833136411434684e+49
1.986776774977056913e-03 1.333030741231536823e+49
2.014429515165520358e-03 1.296261525025632792e+49
2.042467137062669875e-03 1.260497315885765026e+49
2.070894997603430192e-03 1.225710710023142653e+49
2.099718528282651982e-03 1.191875050823986642e+49
2.128943236192866809e-03 1.158964408476422068e+49
2.158574705076485387e-03 1.126953560152869546e+49
2.188618596392639080e-03 1.095817970732783177e+49
2.219080650398874959e-03 1.065533774050986000e+49
2.249966687247899159e-03 1.036077754657296115e+49
2.281282608099592744e-03 1.007427330073482682e+49
2.313034396248498693e-03 9.795605335340019726e+48
2.345228118267006848e-03 9.524559971973211552e+48
2.377869925164445390e-03 9.260929358149926361e+48
2.410966053562309166e-03 9.004511308460097800e+48
2.444522826885841670e-03 8.755109150042857343e+48
2.478546656572205333e-03 8.512531572274609213e+48
2.513044043295466472e-03 8.276592480555447530e+48
2.548021578208626518e-03 8.047110854082189120e+48
2.583485944202947113e-03 7.823910607499229111e+48
2.619443917184796806e-03 7.606820456321653407e+48
2.655902367370273007e-03 7.395673786027618849e+48
2.692868260597842088e-03 7.190308524719984438e+48
2.730348659659247428e-03 6.990567019259887377e+48
2.768350725648945163e-03 6.796295914777622645e+48
2.806881719332319190e-03 6.607346037468655049e+48
2.845949002532939965e-03 6.423572280585282290e+48
2.885560039539132940e-03 6.244833493536778187e+48
2.925722398530122056e-03 6.070992374013210259e+48
2.966443753022025842e-03 5.901915363050562378e+48
3.007731883333975877e-03 5.737472542956989522e+48
3.049594678074645134e-03 5.577537538021993724e+48
3.092040135649461608e-03 5.421987417932946671e+48
3.135076365788805591e-03 5.270702603824856456e+48
3.178711591097472481e-03 5.123566776891751390e+48
3.222954148625703855e-03 4.980466789489763338e+48
3.267812491462083416e-03 4.841292578664024572e+48
3.313295190348605757e-03 4.705937082033195798e+48
3.359410935318220617e-03 4.574296155967452483e+48
3.406168537355173595e-03 4.446268495997316856e+48
3.453576930078445552e-03 4.321755559392557167e+48
3.501645171448658500e-03 4.200661489851882829e+48
3.550382445498671737e-03 4.082893044246122864e+48
3.599798064088329669e-03 3.968359521358570723e+48
3.649901468683603312e-03 3.856972692568291772e+48
3.700702232160499316e-03 3.748646734423302229e+48
3.752210060634074765e-03 3.643298163052128820e+48
3.804434795312912516e-03 3.540845770363607820e+48
3.857386414379404462e-03 3.441210561986171026e+48
3.911075034896208287e-03 3.344315696899181219e+48
3.965510914739236829e-03 3.250086428710200406e+48
4.020704454557553001e-03 3.158450048533295015e+48
4.076666199760539330e-03 3.069335829424732892e+48
4.133406842532736346e-03 2.982674972333593907e+48
4.190937223876707585e-03 2.898400553526038141e+48
4.249268335684354934e-03 2.816447473442967332e+48
4.308411322837051201e-03 2.736752406952077639e+48
4.368377485335012307e-03 2.659253754956248089e+48
4.429178280456295101e-03 2.583891597321277374e+48
4.490825324945858787e-03 2.510607647087019488e+48
4.553330397235087236e-03 2.439345205926902320e+48
4.616705439692199778e-03 2.370049120821816420e+48
4.680962560903991973e-03 2.302665741915246109e+48
4.746114037989332228e-03 2.237142881517438034e+48
4.812172318944853144e-03 2.173429774227296968e+48
4.879150025023300773e-03 2.111477038141499898e+48
4.947059953144975451e-03 2.051236637121236525e+48
5.015915078342747351e-03 1.992661844087680710e+48
5.085728556241094281e-03 1.935707205318203163e+48
5.156513725569645754e-03 1.880328505716004778e+48
5.228284110711716413e-03 1.826482735026637682e+48
5.301053424288302424e-03 1.774128054975613126e+48
5.374835569778050812e-03 1.723223767301971680e+48
5.449644644173689233e-03 1.673730282663392792e+48
5.525494940675432232e-03 1.625609090389087967e+48
5.602400951421874879e-03 1.578822729057347521e+48
5.680377370258892465e-03 1.533334757875296544e+48
5.759439095547085746e-03 1.489109728838945348e+48
5.839601233008292168e-03 1.446113159652300650e+48
5.920879098611726843e-03 1.404311507384812610e+48
6.003288221500283246e-03 1.363672142847068074e+48
6.086844346957572156e-03 1.324163325665113204e+48
6.171563439416250484e-03 1.285754180034383338e+48
6.257461685508225457e-03 1.248414671134713509e+48
6.344555497157308363e-03 1.212115582188403552e+48
6.432861514714919779e-03 1.176828492143805720e+48
6.522396610139433518e-03 1.142525753967400801e+48
6.613177890219770760e-03 1.109180473527762501e+48
6.705222699843867151e-03 1.076766489055284257e+48
6.798548625312613065e-03 1.045258351161978352e+48
6.893173497699988696e-03 1.014631303406056326e+48
6.989115396259831976e-03 9.848612633865132537e+47
7.086392651880154409e-03 9.559248043531789183e+47
7.185023850585475769e-03 9.277991373182536681e+47
7.285027837087909748e-03 9.004620936556428778e+47
7.386423718387681407e-03 8.738921081747980595e+47
7.489230867423757321e-03 8.480682026561293102e+47
7.593468926775283172e-03 8.229699698354240652e+47
7.699157812414543500e-03 7.985775578250243396e+47
7.806317717512153975e-03 7.748716549598748547e+47
7.914969116295219112e-03 7.518334750568582003e+47
8.025132767959183150e-03 7.294447430761592380e+47
8.136829720634132165e-03 7.076876811737120068e+47
8.250081315406304627e-03 6.865449951340625292e+47
8.364909190395564131e-03 6.659998611733039759e+47
8.481335284889632287e-03 6.460359131019870385e+47
8.599381843535864114e-03 6.266372298382067527e+47
8.719071420591362198e-03 6.077883232613325531e+47
8.840426884232241433e-03 5.894741263971036555e+47
8.963471420922883987e-03 5.716799819250561429e+47
9.088228539846001514e-03 5.543916309995191063e+47
9.214722077394347718e-03 5.375952023756326697e+47
9.342976201724962487e-03 5.212772018320842817e+47
9.473015417376797614e-03 5.054245018824896568e+47
9.604864569952610565e-03 4.900243317675538221e+47
9.738548850866023121e-03 4.750642677203770778e+47
9.874093802154659122e-03 4.605322234974637688e+47
1.001152532136026160e-02 4.464164411682070826e+47
1.015086966647673651e-02 4.327054821558178804e+47
1.029215346096707534e-02 4.193882185228456779e+47
1.043540369885009346e-02 4.064538244946506640e+47
1.058064774985797117e-02 3.938917682143385787e+47
1.072791336466557936e-02 3.816918037228739854e+47
1.087722868019259416e-02 3.698439631582371571e+47
1.102862222497939804e-02 3.583385491676750165e+47
1.118212292463781517e-02 3.471661275272419127e+47
1.133776010737770450e-02 3.363175199630029602e+47
1.149556350961048086e-02 3.257837971684085204e+47
1.165556328163062233e-02 3.155562720125100921e+47
1.181778999337625841e-02 3.056264929338309154e+47
1.198227464026993538e-02 2.959862375148397084e+47
1.214904864914067434e-02 2.866275062321254434e+47
1.231814388422845623e-02 2.775425163774922315e+47
1.248959265327228424e-02 2.687236961453335791e+47
1.266342771368296830e-02 2.601636788817666501e+47
1.283968227880184429e-02 2.518552974911316184e+47
1.301839002424658859e-02 2.437915789955829323e+47
1.319958509434535944e-02 2.359657392436113917e+47
1.338330210866047268e-02 2.283711777634552415e+47
1.356957616860300468e-02 2.210014727574592856e+47
1.375844286413918476e-02 2.138503762335689310e+47
1.394993828059041402e-02 2.069118092702154323e+47
1.414409900552778161e-02 2.001798574109866939e+47
1.434096213576257182e-02 1.936487661855544490e+47
1.454056528443407534e-02 1.873129367534285473e+47
1.474294658819604031e-02 1.811669216672096224e+47
1.494814471450315457e-02 1.752054207520903696e+47
1.515619886899893798e-02 1.694232770984549876e+47
1.536714880300647269e-02 1.638154731645058244e+47
1.558103482112338165e-02 1.583771269859289595e+47
1.579789778892252278e-02 1.531034884896971610e+47
1.601777914075985798e-02 1.479899359091820998e+47
1.624072088769101113e-02 1.430319722978235581e+47
1.646676562549798453e-02 1.382252221386878871e+47
1.669595654282762798e-02 1.335654280473036240e+47
1.692833742944334710e-02 1.290484475652497364e+47
1.716395268459169898e-02 1.246702500420285512e+47
1.740284732548540506e-02 1.204269136028277918e+47
1.764506699590444663e-02 1.163146221998383344e+47
1.789065797491687718e-02 1.123296627448594406e+47
1.813966718572102357e-02 1.084684223209812510e+47
1.839214220461072094e-02 1.047273854711982355e+47
1.864813127006536772e-02 1.011031315618592993e+47
1.890768329196648723e-02 9.759233221892287648e+46
1.917084786094255811e-02 9.419174883503391708e+46
1.943767525784391784e-02 9.089823014549776687e+46
1.970821646334955032e-02 8.770870987127391195e+46
1.998252316770756862e-02 8.462020442716466960e+46
2.026064778061127669e-02 8.162981069342219737e+46
2.054264344121269764e-02 7.873470384904436981e+46
2.082856402827545916e-02 7.593213526507621479e+46
2.111846417046900348e-02 7.321943045627821230e+46
2.141239925680606809e-02 7.059398708956730903e+46
2.171042544722544612e-02 6.805327304767651942e+46
2.201259968332203512e-02 6.559482454652273255e+46
2.231897969922623168e-02 6.321624430481013090e+46
2.262962403263476044e-02 6.091519976443713068e+46
2.294459203599502270e-02 5.868942136031033890e+46
2.326394388784510520e-02 5.653670083820919187e+46
2.358774060431165914e-02 5.445488961937560657e+46
2.391604405076775894e-02 5.244189721054283153e+46
2.424891695365307201e-02 5.049568965814755957e+46
2.458642291245850472e-02 4.861428804550377412e+46
2.492862641187768707e-02 4.679576703174842090e+46
2.527559283412755819e-02 4.503825343139958786e+46
2.562738847144045706e-02 4.333992483339807157e+46
2.598408053873007759e-02 4.169900825853301844e+46
2.634573718643364731e-02 4.011377885417951763e+46
2.671242751353312961e-02 3.858255862530404275e+46
2.708422158075712849e-02 3.710371520072370289e+46
2.746119042396705928e-02 3.567566063362385265e+46
2.784340606772937876e-02 3.429685023537294855e+46
2.823094153907678566e-02 3.296578144169184950e+46
2.862387088146091385e-02 3.168099271026200824e+46
2.902226916889927635e-02 3.044106244887931140e+46
2.942621252031906234e-02 2.924460797328323476e+46
2.983577811410062508e-02 2.809028449381368634e+46
3.025104420282335310e-02 2.697678413006891783e+46
3.067209012821678696e-02 2.590283495275962203e+46
3.109899633631986807e-02 2.486720005197394238e+46
3.153184439285110913e-02 2.386867663108948299e+46
3.197071699879278778e-02 2.290609512558660080e+46
3.241569800619192865e-02 2.197831834603711561e+46
3.286687243418134202e-02 2.108424064456085057e+46
3.332432648522353630e-02 2.022278710406059141e+46
3.378814756158077248e-02 1.939291274956391627e+46
3.425842428201437972e-02 1.859360178101705839e+46
3.473524649871641973e-02 1.782386682689386795e+46
3.521870531447710700e-02 1.708274821799812855e+46
3.570889310009109363e-02 1.636931328085503048e+46
3.620590351200606016e-02 1.568265565010201635e+46
3.670983151021695728e-02 1.502189459930582560e+46
3.722077337640926353e-02 1.438617438964687650e+46
3.773882673235480489e-02 1.377466363592741197e+46
3.826409055856361957e-02 1.318655468937392168e+46
3.879666521319537209e-02 1.262106303671918191e+46
3.933665245123407067e-02 1.207742671506251424e+46
3.988415544392957812e-02 1.155490574202105176e+46
4.043927879850977430e-02 1.105278156069804827e+46
4.100212857816705470e-02 1.057035649900747892e+46
4.157281232232302309e-02 1.010695324290704077e+46
4.215143906717524341e-02 9.661914323104650333e+45
4.273811936652991555e-02 9.234601614815826150e+45
4.333296531292459008e-02 8.824395850161664865e+45
4.393609055904482835e-02 8.430696142809387448e+45
4.454761033943893667e-02 8.052919524469216429e+45
4.516764149253495869e-02 7.690500492873088446e+45
4.579630248296412409e-02 7.342890570872267397e+45
4.643371342419495840e-02 7.009557876302338698e+45
4.707999610148248110e-02 6.689986702275093682e+45
4.773527399513674552e-02 6.383677107568085146e+45
4.839967230411530708e-02 6.090144516793236401e+45
4.907331796994404000e-02 5.808919330036663753e+45
4.975633970097086828e-02 5.539546541672533915e+45
5.044886799695710161e-02 5.281585368063828416e+45
5.115103517401092120e-02 5.034608883873439008e+45
5.186297538986844868e-02 4.798203666718576762e+45
5.258482466952558998e-02 4.571969449912196850e+45
5.331672093122770406e-02 4.355518783043579058e+45
5.405880401282054520e-02 4.148476700160929099e+45
5.481121569846795355e-02 3.950480395327642324e+45
5.557409974574149120e-02 3.761178905333107564e+45
5.634760191308714472e-02 3.580232799348066672e+45
5.713186998767421504e-02 3.407313875323413205e+45
5.792705381363195960e-02 3.242104862939772698e+45
5.873330532067910087e-02 3.084299132923996253e+45
5.955077855315193264e-02 2.933600412556706276e+45
6.037962969943638097e-02 2.789722507203297319e+45
6.122001712180970279e-02 2.652389027708659187e+45
6.207210138669760902e-02 2.521333123503528945e+45
6.293604529535244685e-02 2.396297221277935905e+45
6.381201391495837372e-02 2.277032769084432099e+45
6.470017461016951132e-02 2.163299985740851443e+45
6.560069707508704717e-02 2.054867615409171530e+45
6.651375336568135510e-02 1.951512687233683367e+45
6.743951793266547701e-02 1.853020279927943244e+45
6.837816765482601644e-02 1.759183291206210460e+45
6.932988187281809156e-02 1.669802211960858294e+45
7.029484242343055078e-02 1.584684905092944970e+45
7.127323367432815415e-02 1.503646388908430120e+45
7.226524255927731233e-02 1.426508624997730276e+45
7.327105861386203067e-02 1.353100310521070388e+45
7.429087401169716387e-02 1.283256674826743696e+45
7.532488360114540649e-02 1.216819280333732534e+45
7.637328494254562450e-02 1.153635827614134634e+45
7.743627834595910586e-02 1.093559964614743252e+45
7.851406690944132127e-02 1.036451099960553973e+45
7.960685655784634218e-02 9.821742202863292197e+44
8.071485608217128516e-02 9.305997115452800930e+44
8.183827717944844315e-02 8.816031842467109757e+44
8.297733449319265320e-02 8.350653025768987878e+44
8.413224565441156100e-02 7.908716173597580058e+44
8.530323132318670676e-02 7.489124028157319987e+44
8.649051523083342574e-02 7.090824970791214259e+44
8.769432422264741844e-02 6.712811464355098405e+44
8.891488830124641418e-02 6.354118532421692949e+44
9.015244067051499111e-02 6.013822274953537159e+44
9.140721778016104582e-02 5.691038420091584712e+44
9.267945937089248909e-02 5.384920911711804925e+44
9.396940852022264701e-02 5.094660532406091449e+44
9.527731168891320768e-02 4.819483561545174731e+44
9.660341876806366468e-02 4.558650468081255947e+44
9.794798312685604191e-02 4.311454637746199219e+44
9.931126166096425345e-02 4.077221134297651937e+44
1.006935148416369941e-01 3.855305494460546847e+44
1.020950067654648047e-01 3.645092555300386275e+44
1.035160052048377521e-01 3.445995319113834274e+44
1.049567816591075592e-01 3.257453841770070030e+44
1.064176114064605827e-01 3.078934162456703729e+44
1.078987735565132555e-01 2.909927260617868571e+44
1.094005511036393458e-01 2.749948045230521286e+44
1.109232309810395806e-01 2.598534375071133153e+44
1.124671041155637374e-01 2.455246109668279067e+44
1.140324654832958889e-01 2.319664189739208862e+44
1.156196141659132093e-01 2.191389748561746757e+44
1.172288534078292227e-01 2.070043251258283143e+44
1.188604906741323880e-01 1.955263663436503848e+44
1.205148377093311629e-01 1.846707647919296997e+44
1.221922105969166228e-01 1.744048789187822587e+44
1.238929298197541107e-01 1.646976845020200463e+44
1.256173203213155065e-01 1.555197024797004776e+44
1.273657115677636620e-01 1.468429293934000328e+44
1.291384376109009635e-01 1.386407703892503947e+44
1.309358371519941389e-01 1.308879747208425323e+44
1.327582536064873253e-01 1.235605736972639779e+44
1.346060351696157231e-01 1.166358210187639524e+44
1.364795348829328236e-01 1.100921354418842313e+44
1.383791107017631472e-01 1.039090457153224296e+44
1.403051255635941741e-01 9.806713772732923425e+43
1.422579474574199865e-01 9.254800380507985257e+43
1.442379494940501661e-01 8.733419410620946567e+43
1.462455099773972422e-01 8.240917004255320911e+43
1.482810124767563187e-01 7.775725967609653151e+43
1.503448459000906734e-01 7.336361502721109662e+43
1.524374045683375423e-01 6.921417123543058796e+43
1.545590882907479924e-01 6.529560751330335316e+43
1.567103024412754009e-01 6.159530983424417039e+43
1.588914580360271944e-01 5.810133529579414802e+43
1.611029718117945597e-01 5.480237810027607462e+43
1.633452663056751686e-01 5.168773709550986792e+43
1.656187699358041276e-01 4.874728481900920228e+43
1.679239170832085570e-01 4.597143798992518419e+43
1.702611481748014799e-01 4.335112939392193276e+43
1.726309097675308157e-01 4.087778110715877881e+43
1.750336546336996590e-01 3.854327900661140320e+43
1.774698418474740247e-01 3.633994851507839573e+43
1.799399368725946025e-01 3.426053153038988652e+43
1.824444116513094238e-01 3.229816448954989486e+43
1.849837446945442332e-01 3.044635751980213969e+43
1.875584211733280215e-01 2.869897462990059341e+43
1.901689330114907928e-01 2.705021489618679439e+43
1.928157789796518806e-01 2.549459459942056899e+43
1.954994647905161087e-01 2.402693026967070114e+43
1.982205031954961949e-01 2.264232259794619587e+43
2.009794140826817177e-01 2.133614117462605333e+43
2.037767245761679669e-01 2.010401001613029668e+43
2.066129691367708798e-01 1.894179384264575553e+43
2.094886896641422191e-01 1.784558507109562660e+43
2.124044356003061407e-01 1.681169148889669897e+43
2.153607640346368313e-01 1.583662457539016766e+43
2.183582398102974498e-01 1.491708843915531659e+43
2.213974356321602721e-01 1.404996934071540744e+43
2.244789321762292178e-01 1.323232577142098113e+43
2.276033182005850197e-01 1.246137906059860163e+43
2.307711906578748806e-01 1.173450448388192487e+43
2.339831548093675995e-01 1.104922284800193946e+43
2.372398243405962337e-01 1.040319252650318279e+43
2.405418214786104181e-01 9.794201923943452334e+42
2.438897771108603507e-01 9.220162346030978453e+42
2.472843309057358718e-01 8.679101254598014274e+42
2.507261314347828951e-01 8.169155887266522685e+42
2.542158362966210894e-01 7.688567222622776050e+42
2.577541122425862086e-01 7.235674272695614690e+42
2.613416353041211893e-01 6.808908685367379076e+42
2.649790909219404411e-01 6.406789640278371425e+42
2.686671740769915884e-01 6.027919022574221948e+42
2.724065894232403084e-01 5.670976859652300522e+42
2.761980514223032479e-01 5.334717006820205928e+42
2.800422844799546618e-01 5.017963068504108778e+42
2.839400230845331441e-01 4.719604542336475838e+42
2.878920119472747063e-01 4.438593174112060665e+42
2.918990061445991824e-01 4.173939512229728364e+42
2.959617712623767161e-01 3.924709650835670451e+42
3.000810835422026424e-01 3.690022151452762586e+42
3.042577300297080178e-01 3.469045133421993333e+42
3.084925087249343334e-01 3.260993523995883576e+42
3.127862287348012749e-01 3.065126459412260307e+42
3.171397104276968970e-01 2.880744828740001775e+42
3.215537855902188547e-01 2.707188952728370752e+42
3.260292975860976661e-01 2.543836390308345742e+42
3.305671015173318739e-01 2.390099865790032541e+42
3.351680643875656340e-01 2.245425310174752807e+42
3.398330652677408192e-01 2.109290010355696405e+42
3.445629954640541670e-01 1.981200860317294544e+42
3.493587586882524465e-01 1.860692708762051533e+42
3.542212712302978406e-01 1.747326797895211001e+42
3.591514621334363500e-01 1.640689288383240329e+42
3.641502733717031370e-01 1.540389865772372699e+42
3.692186600298982824e-01 1.446060423909314110e+42
3.743575904860675929e-01 1.357353821148310237e+42
3.795680465965232120e-01 1.273942705357865554e+42
3.848510238834393360e-01 1.195518403957187590e+42
3.902075317250584541e-01 1.121789875417432073e+42
3.956385935485485783e-01 1.052482718856863450e+42
4.011452470255369995e-01 9.873382385426913822e+41
4.067285442703733045e-01 9.261125602856284500e+41
4.123895520411484106e-01 8.685757968777630424e+41
4.181293519435116401e-01 8.145112598794651582e+41
4.239490406373248033e-01 7.637147152079657723e+41
4.298497300461929793e-01 7.159936801192305313e+41
4.358325475699109108e-01 6.711667593061305838e+41
4.418986362998670869e-01 6.290630179601686383e+41
4.480491552374450959e-01 5.895213897616068648e+41
4.542852795154656009e-01 5.523901178739267084e+41
4.606082006227096848e-01 5.175262271237281586e+41
4.670191266315676937e-01 4.847950256465443053e+41
4.735192824288565472e-01 4.540696343730672424e+41
4.801099099498492562e-01 4.252305428191882206e+41
4.867922684155622237e-01 3.981651897273017986e+41
4.935676345733450154e-01 3.727675671858309018e+41
5.004373029408186735e-01 3.489378469291016722e+41
5.074025860532094256e-01 3.265820275907686828e+41
5.144648147141248629e-01 3.056116017512181130e+41
5.216253382498200475e-01 2.859432416829226963e+41
5.288855247670034565e-01 2.674985027578186673e+41
5.362467614142307770e-01 2.502035435376036160e+41
5.437104546469363475e-01 2.339888616215792107e+41
5.512780304961540923e-01 2.187890443774583676e+41
5.589509348409786860e-01 2.045425337285957932e+41
5.667306336848183523e-01 1.911914042165091634e+41
5.746186134354929198e-01 1.786811536004980072e+41
5.826163811892308697e-01 1.669605052967568103e+41
5.907254650186181122e-01 1.559812219978900805e+41
5.989474142645558885e-01 1.456979298491591684e+41
6.072837998322807573e-01 1.360679525946637837e+41
6.157362144915063951e-01 1.270511551348041449e+41
6.243062731807410559e-01 1.186097959713334436e+41
6.329956133158421983e-01 1.107083880426937637e+41
6.418058951028650094e-01 1.033135674806058752e+41
6.507388018552648923e-01 9.639396984465154629e+40
6.597960403155159748e-01 8.992011341607229154e+40
6.689793409812048175e-01 8.386428915515546823e+40
6.782904584356639344e-01 7.820045694845020753e+40
6.877311716832061883e-01 7.290414779273980935e+40
6.973032844890261206e-01 6.795237158223820887e+40
7.070086257238309413e-01 6.332353018395618699e+40
7.168490497132695705e-01 5.899733550364342524e+40
7.268264365922243453e-01 5.495473226121472996e+40
7.369426926640337827e-01 5.117782521017185340e+40
7.471997507647157866e-01 4.764981055026775224e+40
7.575995706322582457e-01 4.435491129659833291e+40
7.681441392810574031e-01 4.127831638146934308e+40
7.788354713815524022e-01 3.840612327783422340e+40
7.896756096451589269e-01 3.572528394485774684e+40
8.006666252145534513e-01 3.322355390724971590e+40
8.118106180593901433e-01 3.088944429056457920e+40
8.231097173775264730e-01 2.871217664452785761e+40
8.345660820018327986e-01 2.668164039586176187e+40
8.461819008126637565e-01 2.478835278092855844e+40
8.579593931560716147e-01 2.302342111688188232e+40
8.699008092678393034e-01 2.137850727792562168e+40
8.820084307034158355e-01 1.984579425074937147e+40
8.942845707738360517e-01 1.841795465027086656e+40
9.067315749877070674e-01 1.708812108348248149e+40
9.193518214993470217e-01 1.584985825550000892e+40
9.321477215631606139e-01 1.469713671786270137e+40
9.451217199943391378e-01 1.362430816475557642e+40
9.582762956359731632e-01 1.262608218813541428e+40
9.716139618326654626e-01 1.169750440775765709e+40
9.851372669107374413e-01 1.083393589683934060e+40
9.988487946651175564e-01 1.003103382856801857e+40
1.012751164853008090e+00 9.284733272892712029e+39
1.026847033694422207e+00 8.591230077024566439e+39
1.041139094379686769e+00 7.946964766843880708e+39
1.055630077584010840e+00 7.348607409970251733e+39
1.070322751989214449e+00 6.793043384613463367e+39
1.085219924812719450e+00 6.277360001497130344e+39
1.100324442343903586e+00 5.798833929143666094e+39
1.115639190487918597e+00 5.354919375639279235e+39
1.131167095317079152e+00 4.943236982668707236e+39
1.146911123629924312e+00 4.561563390132298827e+39
1.162874283518062102e+00 4.207821432038415931e+39
1.179059624940901108e+00 3.880070926612555079e+39
1.195470240308384779e+00 3.576500025685792436e+39
1.212109265071833475e+00 3.295417090428278980e+39
1.228979878323011476e+00 3.035243062383603820e+39
1.246085303401532673e+00 2.794504300543883860e+39
1.263428808510718149e+00 2.571825856889304275e+39
1.281013707342027574e+00 2.365925164404548637e+39
1.298843359708181655e+00 2.175606113083905743e+39
1.316921172185094857e+00 1.999753490851809250e+39
1.335250598762744545e+00 1.837327767660129100e+39
1.353835141505098205e+00 1.687360202283114695e+39
1.372678351219226434e+00 1.548948252518982214e+39
1.391783828133728917e+00 1.421251270627883701e+39
1.411155222586601976e+00 1.303486466893292477e+39
1.430796235722680887e+00 1.194925125190985148e+39
1.450710620200790002e+00 1.094889055390358692e+39
1.470902180910734769e+00 1.002747268301181042e+39
1.491374775700269106e+00 9.179128597054707207e+38
1.512132316112197783e+00 8.398400908322335803e+38
1.533178768131707281e+00 7.680216533279321721e+38
1.554518152944127429e+00 7.019861075247270244e+38
1.576154547703227049e+00 6.412954834409807074e+38
1.598092086310203275e+00 5.855430345808788849e+38
1.620334960203515307e+00 5.343511351859855023e+38
1.642887419159710705e+00 4.873693121450476314e+38
1.665753772105397434e+00 4.442724032899746002e+38
1.688938387940518648e+00 4.047588342976069421e+38
1.712445696373083193e+00 3.685490068831397636e+38
1.736280188765518373e+00 3.353837913408014578e+38
1.760446418992798856e+00 3.050231172430864768e+38
1.784949004312521570e+00 2.772446556108073351e+38
1.809792626247090030e+00 2.518425875669452851e+38
1.834982031478176401e+00 2.286264533599258629e+38
1.860522032753634925e+00 2.074200782791717637e+38
1.886417509807035930e+00 1.880605672047799647e+38
1.912673410290000264e+00 1.703973680112643311e+38
1.939294750717508897e+00 1.542913960944824094e+38
1.966286617426370453e+00 1.396142175140736776e+38
1.993654167547028733e+00 1.262472868140456786e+38
2.021402629988896305e+00 1.140812360493589525e+38
2.049537306439402684e+00 1.030152117581171500e+38
2.078063572376946944e+00 9.295625681817580630e+37
2.106986878097950378e+00 8.381873431442436140e+37
2.136312749758201512e+00 7.552379071928307697e+37
2.166046790428698188e+00 6.799885585479359152e+37
2.196194681166182328e+00 6.117717726061841025e+37
2.226762182098578791e+00 5.499738673892431944e+37
2.257755133525534585e+00 4.940309698499481825e+37
2.289179457034285381e+00 4.434252644064890724e+37
2.321041156631044711e+00 3.976814984062145815e+37
2.353346319888145466e+00 3.563637488470490603e+37
2.386101119107144175e+00 3.190723935546241534e+37
2.419311812498118996e+00 2.854413245146713454e+37
2.452984745375373699e+00 2.551353378521913824e+37
2.487126351369793209e+00 2.278477246291353132e+37
2.521743153658064340e+00 2.032980306392811682e+37
2.556841766209013489e+00 1.812299796248811261e+37
2.592428895047282911e+00 1.614095480876350577e+37
2.628511339534604030e+00 1.436231814354662125e+37
2.665095993668896490e+00 1.276761418591076054e+37
2.702189847401454070e+00 1.133909789451672127e+37
2.739799987972459938e+00 1.006061146075247778e+37
2.777933601265091923e+00 8.917453445884146423e+36
2.816597973178476266e+00 7.896257825075003792e+36
2.855800491019745202e+00 6.984882248693525821e+36
2.895548644915478143e+00 6.172304875967323827e+36
2.935850029242772941e+00 5.448529177924032018e+36
2.976712344080272299e+00 4.804496145856726044e+36
3.018143396679321633e+00 4.232003378422531545e+36
3.060151102955666946e+00 3.723630555063199906e+36
3.102743489001880128e+00 3.272670835880341732e+36
3.145928692620845624e+00 2.873067758519818114e+36
3.189714964880587367e+00 2.519357231152242124e+36
3.234110671690737959e+00 2.206614247389195415e+36
3.279124295400947631e+00 1.930403974058294352e+36
3.324764436421545177e+00 1.686737499768797461e+36
3.371039814866751083e+00 1.472028182765107936e+36
3.417959272220762568e+00 1.283057912482196590e+36
3.465531773027030749e+00 1.116939940755865656e+36
3.513766406601046111e+00 9.710880728105431935e+35
3.562672388766965348e+00 8.431878800347433961e+35
3.612259063618408206e+00 7.311704239264700506e+35
3.662535905303763606e+00 6.331882936332643649e+35
3.713512519836342118e+00 5.475937734612490289e+35
3.765198646929722948e+00 4.729189697840326253e+35
3.817604161858648038e+00 4.078577390001270531e+35
3.870739077345816348e+00 3.512492696171439529e+35
3.924613545474936238e+00 3.020631822302763157e+35
3.979237859630408991e+00 2.593860200950034779e+35
4.034622456464005857e+00 2.224090200584851389e+35
4.090777917888919646e+00 1.904170381871257528e+35
4.147714973101573221e+00 1.627785546312871341e+35
4.205444500631561056e+00 1.389366458174383204e+35
4.263977530420129725e+00 1.184008469356697284e+35
4.323325245927582827e+00 1.007398245390761572e+35
4.383498986270024211e+00 8.557478671865088425e+34
4.444510248385828532e+00 7.257356406261987534e+34
4.506370689232283233e+00 6.144529995743980526e+34
4.569092128012785636e+00 5.193569376310953415e+34
4.632686548435055229e+00 4.382274502071876774e+34
4.697166101000765259e+00 3.691295114674257777e+34
4.762543105327047499e+00 3.103791510795706061e+34
4.828830052500309833e+00 2.605132290594700286e+34
4.896039607462808085e+00 2.182625523175766734e+34
4.964184611432446381e+00 1.825279895803664990e+34
5.033278084356245685e+00 1.523592896333142462e+34
5.103333227397969019e+00 1.269362591220098878e+34
5.174363425460365207e+00 1.055524423627052061e+34
5.246382249742522319e+00 8.760007334743195706e+33
5.319403460332813083e+00 7.255745583852274921e+33
5.393441008837926098e+00 5.997754072921859359e+33
5.468509041048501551e+00 4.947795789903424793e+33
5.544621899641850149e+00 4.073227691097034525e+33
5.621794126922306845e+00 3.346235871979943121e+33
5.700040467599713168e+00 2.743167434621965664e+33
5.779375871606567294e+00 2.243947906278431936e+33
5.859815496954441372e+00 1.831574212012854853e+33
5.941374712630035582e+00 1.491674249719716862e+33
6.024069101531658532e+00 1.212125066332271134e+33
6.107914463446527442e+00 9.827224965192303595e+32
6.192926818069505401e+00 7.948959065655317423e+32
6.279122408063868122e+00 6.414623927720982210e+32
6.366517702164663284e+00 5.164154215780331373e+32
6.455129398325268220e+00 4.147434733166433099e+32
6.544974426907739229e+00 3.322747683190792982e+32
6.636069953917565378e+00 2.655446178905915082e+32
6.728433384283451169e+00 2.116823580929571763e+32
6.822082365182739139e+00 1.683151955504034428e+32
6.917034789413123441e+00 1.334866256355807686e+32
7.013308798811292988e+00 1.055873780842248863e+32
7.110922787719148097e+00 8.329710675927656578e+31
7.209895406498272763e+00 6.553527210821949772e+31
7.310245565093314468e+00 5.141986975831083297e+31
7.411992436644966098e+00 4.023283936948921745e+31
7.515155461153225858e+00 3.139114679196954239e+31
7.619754349191659060e+00 2.442267202680397830e+31
7.725809085673338572e+00 1.895333888903437903e+31
7.833339933669215327e+00 1.523729260331799728e+31
7.942367438279627656e+00 1.177000028202036039e+31
8.052912430559697299e+00 9.064959844849471492e+30
8.164996031499358153e+00 6.960786744540258373e+30
8.278639656058789598e+00 5.328877992042353438e+30
8.393865017259997785e+00 4.067053407659699383e+30
8.510694130335373586e+00 3.094367807734744138e+30
8.629149316933961700e+00 2.346890984018804621e+30
8.749253209386290919e+00 1.774285197095719361e+30
8.871028755028572022e+00 1.337037882777057817e+30
8.994499220587053756e+00 1.004231014689960371e+30
9.119688196623430443e+00 7.517486549838105200e+29
9.246619602042107644e+00 5.608411671665766516e+29
9.375317688660206983e+00 4.169788075025295712e+29
9.505807045841171643e+00 3.089393453137023788e+29
9.638112605192874938e+00 2.280843290524666459e+29
9.772259645331107691e+00 1.677869105950495899e+29
9.908273796709371695e+00 1.229810215354218141e+29
1.004618104651589761e+01 8.980738379448152177e+28
1.018600774363879857e+01 6.533652295836748194e+28
1.032778060370045203e+01 4.735279943508918165e+28
1.047152671416162306e+01 3.418661883865023744e+28
1.061727353949717312e+01 2.458454715994341267e+28
1.076504892644315348e+01 1.760913831487314817e+28
1.091488110931760502e+01 1.256196593715597228e+28
1.106679871541473226e+01 8.924708665315319586e+27
1.122083077047485133e+01 6.314227934881598533e+27
1.137700670422976224e+01 4.448448813582051092e+27
1.153535635602602660e+01 3.120548686033332153e+27
1.169590998052577291e+01 2.179509465865617054e+27
1.185869825348760109e+01 1.515524350003792858e+27
1.202375227762718524e+01 1.049092763471149492e+27
1.219110358856022280e+01 7.229057020884251084e+26
1.236078416082730413e+01 4.958332992130771406e+26
1.253282641400344666e+01 3.384893631386105382e+26
1.270726321889185861e+01 2.299737129779845243e+26
1.288412790380471051e+01 1.554902873393361694e+26
1.306345426093051643e+01 1.046135210613935718e+26
1.324527655279096727e+01 7.003239358935489772e+25
1.342962951878678268e+01 4.664481289954521793e+25
1.361654838183554084e+01 3.090773222729799616e+25
1.380606885510100490e+01 2.037304854178961448e+25
1.399822714881702446e+01 1.335780850874751786e+25
1.419305997720548085e+01 8.711029226172704864e+24
1.439060456549146672e+01 5.649669864202195939e+24
1.459089865701515620e+01 3.643844370766914403e+24
1.479398052044360412e+01 2.336915736209509694e+24
1.499988895708197845e+01 1.490169369179827288e+24
1.520866330828751067e+01 9.447131167833270497e+23
1.542034346298565950e+01 5.953850225394586915e+23
1.563496986529187893e+01 3.729846403421332507e+23
1.585258352223846856e+01 2.322416072705480631e+23
1.607322601160991837e+01 1.437161654875700561e+23
1.629693948988666108e+01 8.837872145694379003e+22
1.652376670029940797e+01 5.400398498924073478e+22
1.675375098099622306e+01 3.278679068831415009e+22
1.698693627332227507e+01 1.977541129360753295e+22
1.722336713021593013e+01 1.184850797977650646e+22
1.746308872472058482e+01 7.051326588830896620e+21
1.770614685861609416e+01 4.167772506745782403e+21
1.795258797116920135e+01 2.446356016569059377e+21
1.820245914800691267e+01 1.425849656435960185e+21
1.845580813011221011e+01 8.251286011352548639e+20
1.871268332294614112e+01 4.740435554882581955e+20
1.897313380569567798e+01 2.703447087388104786e+20
1.923720934065153543e+01 1.530291929957419909e+20
1.950496038271522536e+01 8.596876552859693875e+19
1.977643808903973621e+01 4.792583735316304691e+19
2.005169432880310154e+01 2.651022360090431898e+19
2.033078169311928818e+01 1.454866648523827200e+19
2.061375350508573945e+01 7.920451772535997440e+18
2.090066382997205352e+01 4.277046071497352704e+18
2.119156748554917513e+01 2.290628870114113536e+18
2.148652005256367659e+01 1.216553869641649152e+18
2.178557788535645656e+01 6.406518927008856320e+17
2.208879812263064579e+01 3.344835195599539840e+17
2.239623869836794157e+01 1.731155970693515200e+17
2.270795835289834486e+01 8.880816110039507200e+16
2.302401664412248294e+01 4.515131637594918400e+16
2.334447395889164412e+01 2.274750490974189600e+16
2.366939152454465400e+01 1.135500078178064200e+16
2.399883142060691554e+01 5.615315107445208000e+15
2.433285659065066397e+01 2.750663293425638000e+15
2.467153085432191872e+01 1.334501575830692000e+15
2.501491891953322266e+01 6.411510642600382500e+14
2.536308639482768612e+01 3.050013370529130625e+14
2.571609980191350431e+01 1.436424849175126250e+14
2.607402658837457210e+01 6.696421076221640625e+13
2.643693514055635063e+01 3.089721606946422266e+13
2.680489479663276953e+01 1.410749603451333789e+13
2.717797585985329079e+01 6.373396137781783203e+12
2.755624961197607092e+01 2.848510456113337402e+12
2.793978832688636160e+01 1.259288742544967773e+12
2.832866528440620968e+01 5.505885877446621094e+11
2.872295478429457205e+01 2.380435154075791931e+11
2.912273216044412649e+01 1.017524186862478638e+11
2.952807379527381570e+01 4.299553986152570343e+10
2.993905713432358695e+01 1.795653147699021530e+10
3.035576070105038227e+01 7.410901132431755066e+09
3.077826411183196598e+01 3.022019649394362450e+09
3.120664809117766225e+01 1.217386357622287273e+09
3.164099448715261076e+01 4.843849545745272040e+08
3.208138628701551909e+01 1.903308102786804140e+08
3.252790763307398691e+01 7.384276031501735747e+07
3.298064383876184280e+01 2.828200632211868465e+07
3.343968140493830532e+01 1.069148430702172965e+07
3.390510803641610948e+01 3.988524258708583191e+06
3.437701265871746870e+01 1.468090330899872119e+06
3.485548543506556030e+01 5.330627965962855378e+05
3.534061778361017048e+01 1.909003157410211279e+05
3.583250239489539979e+01 6.741461836694396334e+04
3.633123324956820710e+01 2.347123805998562602e+04
3.683690563633572879e+01 8.055018648531422514e+03
3.734961617017018654e+01 2.724323608600479020e+03
3.786946281076957632e+01 9.078710742230408641e+02
3.839654488127285958e+01 2.980392968539894127e+02
3.893096308723811916e+01 9.636426823485759030e+01
3.947281953588234416e+01 3.068030643253986156e+01
4.002221775559156924e+01 9.616372281309987002e+00
4.057926271569994014e+01 2.966717535846616460e+00
4.114406084654671503e+01 9.006553156819743222e-01
4.171672005980979492e+01 2.690055993922405020e-01
4.229734976912491362e+01 7.902886696639861708e-02
4.288606091098910866e+01 2.283137140869191326e-02
4.348296596595789509e+01 6.484832101749296758e-03
4.408817898013466419e+01 1.810436279793342044e-03
4.470181558696202018e+01 4.966853717846919734e-04
4.532399302931357710e+01 1.338713093823091929e-04
4.595483018189605673e+01 3.544007221799041704e-05
4.659444757396035897e+01 9.212851475053900700e-06
4.724296741233162322e+01 2.351125731047013805e-06
4.790051360475686693e+01 5.888820945568791001e-07
4.856721178358060342e+01 1.447232805856573219e-07
4.924318932974693297e+01 3.488922086989337347e-08
4.992857539713880044e+01 8.248417590271506894e-09
5.062350093725285660e+01 1.911870879209586456e-09
5.132809872422097897e+01 4.343456126579511220e-10
5.204250338017678956e+01 9.668965934951999273e-11
5.276685140097852411e+01 2.108479545315337787e-11
5.350128118228657570e+01 4.502760782347114867e-12
5.424593304600740851e+01 9.414171224393678996e-13
5.500094926710206522e+01 1.926419662931882329e-13
5.576647410077132605e+01 3.857050950105880256e-14
5.654265381001566482e+01 7.553770348345458531e-15
5.732963669358238690e+01 1.446580269966272331e-15
5.812757311429815132e+01 2.708047192161002121e-16
5.893661552779948920e+01 4.954131578770306425e-17
5.975691851165946389e+01 8.853953550066090813e-18
6.058863879492326987e+01 1.545340452509470373e-18
6.143193528805258552e+01 2.633208284763744523e-19
6.228696911328662367e+01 4.379002966293485464e-20
6.315390363542825725e+01 7.104722420766659071e-21
6.403290449305488607e+01 1.124220895931960246e-21
6.492413963016778666e+01 1.734353385341444752e-22
6.582777932827782763e+01 2.607663598826317647e-23
6.674399623894191791e+01 3.819777514349435801e-24
6.767296541674816979e+01 5.449283915224470981e-25
6.861486435276432871e+01 7.568255894479883303e-26
6.956987300844748745e+01 1.022928074656060536e-26
7.053817385003021911e+01 1.345002109010688978e-27
7.151995188338064224e+01 1.719739951476455194e-28
7.251539468935247612e+01 2.137448186147346969e-29
7.352469245962232947e+01 2.581369128126149359e-30
7.454803803303049392e+01 3.027977509282932761e-31
7.558562693242286912e+01 3.448475102190721340e-32
7.663765740201041865e+01 3.811491092195106091e-33
7.770433044524368427e+01 4.086721581805206115e-34
7.878584986321956762e+01 4.248972935723960050e-35
7.988242229361740954e+01 4.281890316565628250e-36
8.099425725018235767e+01 4.180623624445539608e-37
8.212156716275288204e+01 3.952839975936969256e-38
8.326456741785081306e+01 3.617812336953055410e-39
8.442347639983087504e+01 3.203721728544459532e-40
8.559851553260850210e+01 2.743696433469772171e-41
8.678990932196280994e+01 2.271368755017927616e-42
8.799788539843400770e+01 1.816789177974633794e-43
8.922267456081227976e+01 1.403391519418743218e-44
9.046451082023746437e+01 1.046405040528702406e-45
9.172363144490704201e+01 7.527551950924170203e-47
9.300027700541197362e+01 5.221845168810383781e-48
9.429469142069781640e+01 3.491329371094359516e-49
9.560712200467141031e+01 2.248699947372706377e-50
9.693781951345019365e+01 1.394505423447301807e-51
9.828703819327544977e+01 8.322004114563152522e-53
9.965503582908596059e+01 4.776639753168286255e-54
1.010420737937742501e+02 2.635533173603926796e-55
1.024484170981218938e+02 1.397099176799885547e-56
1.038743344414363463e+02 7.111426588039505033e-58
1.053200982628859776e+02 3.473854267528358088e-59
1.067859847935562954e+02 1.627582603401448201e-60
1.082722741092239289e+02 7.309687490416902963e-62
1.097792501838720227e+02 3.145018063560987561e-63
1.113072009439434709e+02 1.295557575616864881e-64
1.128564183233564080e+02 5.106655950132460967e-66
1.144271983192781619e+02 1.924846913541345992e-67
1.160198410486828209e+02 6.933702485572100148e-69
1.176346508056886933e+02 2.385445823762926223e-70
1.192719361197005981e+02 7.833058683171372440e-72
1.209320098143569453e+02 2.453403176864950515e-73
1.226151890672970666e+02 7.324812609595615751e-75
1.243217954707652950e+02 2.083169084497997681e-76
1.260521550930512831e+02 5.639742259773658124e-78
1.278065985407933454e+02 1.452455919238458627e-79
1.295854610221408620e+02 3.555934281300257175e-81
1.313890824108041500e+02 8.269998730026847887e-83
1.332178073109872685e+02 1.825777039983527653e-84
1.350719851232332474e+02 3.823542584332794665e-86
1.369519701111770189e+02 7.589985452112729473e-88
1.388581214692363233e+02 1.427083111530363870e-89
1.407908033912356700e+02 2.539585784721423175e-91
1.427503851399947621e+02 4.274144760745557035e-93
1.447372411178760103e+02 6.797842185079000183e-95
1.467517509383234824e+02 1.020907839911522374e-96
1.487942994983879714e+02 1.446601630010864864e-98
1.508652770522712103e+02 1.932443597314761490e-100
1.529650792858837747e+02 2.431665272987003967e-102
1.550941073924508942e+02 2.879907310499464265e-104
1.572527681491602038e+02 3.207484850713452920e-106
1.594414739948867918e+02 3.356530810413794615e-108
1.616606431089894897e+02 3.297463123711120637e-110
1.639106994912144444e+02 3.038439997866942090e-112
1.661920730427004003e+02 2.623708585798630659e-114
1.685051996481217600e+02 2.121202653720314947e-116
1.708505212589644202e+02 1.604177107961200968e-118
1.732284859779716726e+02 1.133763493627062788e-120
1.756395481447540305e+02 7.481409412308730884e-123
1.780841684226022323e+02 4.604900751550549290e-125
1.805628138864968548e+02 2.641267294078158875e-127
1.830759581123546411e+02 1.410370226611896389e-129
1.856240812675051188e+02 7.004064588996866186e-132
1.882076702024384929e+02 3.231654344704596518e-134
1.908272185438184181e+02 1.383925863084194924e-136
1.934832267888016020e+02 5.494942292280351575e-139
1.961762024006578145e+02 2.020778834995379114e-141
1.989066599057332212e+02 6.875691168156883192e-144
2.016751209917508163e+02 2.162150927606618958e-146
2.044821146074916101e+02 6.276988301652298683e-149
2.073281770638503758e+02 1.680464218705935063e-151
2.102138521363111465e+02 4.144098829706206673e-154
2.131396911688354692e+02 9.402801159975455417e-157
2.161062531792103414e+02 1.960682319910412033e-159
2.191141049658486111e+02 3.752922155851408966e-162
2.221638212160897865e+02 6.586074341573045734e-165
2.252559846159940378e+02 1.058409309895644970e-167
2.283911859616789570e+02 1.555673743104643758e-170
2.315700242721908921e+02 2.088727242082299843e-173
2.347931069039617000e+02 2.558563862545000528e-176
2.380610496668487599e+02 2.855666467786048182e-179
2.413744769417902774e+02 2.900367574926864643e-182
2.447340218001076835e+02 2.677088703833983093e-185
2.481403261244539920e+02 2.242634655357348126e-188
2.515940407314613196e+02 1.702762916735505372e-191
2.550958254960794420e+02 1.170187369311726733e-194
2.586463494776612606e+02 7.268747900312941393e-198
2.622462910477864853e+02 4.075264555243307726e-201
2.658963380198815116e+02 2.059323267826694371e-204
2.695971877806260295e+02 9.365644328412756054e-208
2.733495474232060474e+02 3.827880440433574824e-211
2.771541338824040963e+02 1.403915367834647730e-214
2.810116740715873789e+02 4.613501374210285517e-218
2.849229050215844836e+02 1.356324898499472552e-221
2.888885740215134206e+02 3.561780236288017746e-225
2.929094387615513142e+02 8.341773521898581694e-229
2.969862674777097595e+02 1.739584962370470927e-232
3.011198390986062350e+02 3.224982229066427048e-236
3.053109433942980218e+02 5.306304020901270491e-240
3.095603811271673749e+02 7.736042466000651624e-244
3.138689642049272948e+02 9.976454521792070044e-248
3.182375158357364739e+02 1.136116455626523891e-251
3.226668706854933362e+02 1.140530674593589064e-255
3.271578750372994477e+02 0.000000000000000000e+00
3.317113869531622754e+02 0.000000000000000000e+00
3.363282764379285368e+02 0.000000000000000000e+00
3.410094256055196524e+02 0.000000000000000000e+00
3.457557288474599204e+02 0.000000000000000000e+00
3.505680930037721055e+02 0.000000000000000000e+00
3.554474375362291880e+02 0.000000000000000000e+00
3.603946947040403188e+02 0.000000000000000000e+00
3.654108097419590422e+02 0.000000000000000000e+00
3.704967410408935393e+02 0.000000000000000000e+00
3.756534603310075795e+02 0.000000000000000000e+00
3.808819528673934087e+02 0.000000000000000000e+00
3.861832176183046954e+02 0.000000000000000000e+00
3.915582674560344003e+02 0.000000000000000000e+00
3.970081293504236442e+02 0.000000000000000000e+00
4.025338445650901917e+02 0.000000000000000000e+00
4.081364688563614891e+02 0.000000000000000000e+00
4.138170726750033737e+02 0.000000000000000000e+00
4.195767413707293372e+02 0.000000000000000000e+00
4.254165753995837918e+02 0.000000000000000000e+00
4.313376905341839915e+02 0.000000000000000000e+00
4.373412180769162205e+02 0.000000000000000000e+00
4.434283050760709557e+02 0.000000000000000000e+00
4.496001145450148329e+02 0.000000000000000000e+00
4.558578256843845224e+02 0.000000000000000000e+00
4.622026341074001721e+02 0.000000000000000000e+00
4.686357520682969380e+02 0.000000000000000000e+00
4.751584086939349731e+02 0.000000000000000000e+00
4.817718502186532987e+02 0.000000000000000000e+00
4.884773402223622725e+02 0.000000000000000000e+00
4.952761598719823155e+02 0.000000000000000000e+00
5.021696081662105371e+02 0.000000000000000000e+00
5.091590021837267841e+02 0.000000000000000000e+00
5.162456773348213801e+02 0.000000000000000000e+00
5.234309876165586957e+02 0.000000000000000000e+00
5.307163058714575072e+02 0.000000000000000000e+00
5.381030240498075727e+02 0.000000000000000000e+00
5.455925534756011075e+02 0.000000000000000000e+00
5.531863251162010329e+02 0.000000000000000000e+00
5.608857898557280350e+02 0.000000000000000000e+00
5.686924187722871693e+02 0.000000000000000000e+00
5.766077034190176391e+02 0.000000000000000000e+00
5.846331561090911464e+02 0.000000000000000000e+00
5.927703102046389176e+02 0.000000000000000000e+00
6.010207204097389422e+02 0.000000000000000000e+00
6.093859630674417076e+02 0.000000000000000000e+00
6.178676364609701750e+02 0.000000000000000000e+00
6.264673611190712563e+02 0.000000000000000000e+00
6.351867801256582879e+02 0.000000000000000000e+00
6.440275594337221037e+02 0.000000000000000000e+00
6.529913881836527025e+02 0.000000000000000000e+00
6.620799790259493420e+02 0.000000000000000000e+00
6.712950684484649173e+02 0.000000000000000000e+00
6.806384171081622299e+02 0.000000000000000000e+00
6.901118101675305070e+02 0.000000000000000000e+00
6.997170576356415950e+02 0.000000000000000000e+00
7.094559947139960059e+02 0.000000000000000000e+00
7.193304821471390369e+02 0.000000000000000000e+00
7.293424065782013486e+02 0.000000000000000000e+00
7.394936809093428565e+02 0.000000000000000000e+00
7.497862446672596661e+02 0.000000000000000000e+00
7.602220643737307455e+02 0.000000000000000000e+00
7.708031339213703177e+02 0.000000000000000000e+00
7.815314749545617588e+02 0.000000000000000000e+00
7.924091372557419390e+02 0.000000000000000000e+00
8.034381991370131573e+02 0.000000000000000000e+00
8.146207678372552436e+02 0.000000000000000000e+00
8.259589799247138444e+02 0.000000000000000000e+00
8.374550017052451949e+02 0.000000000000000000e+00
8.491110296361879364e+02 0.000000000000000000e+00
8.609292907460517199e+02 0.000000000000000000e+00
8.729120430599900828e+02 0.000000000000000000e+00
8.850615760312525708e+02 0.000000000000000000e+00
8.973802109785849552e+02 0.000000000000000000e+00
9.098703015297704724e+02 0.000000000000000000e+00
9.225342340713093563e+02 0.000000000000000000e+00
9.353744282043558087e+02 0.000000000000000000e+00
9.483933372070395080e+02 0.000000000000000000e+00
9.615934485031639269e+02 0.000000000000000000e+00
9.749772841374906420e+02 0.000000000000000000e+00
9.885474012575758707e+02 0.000000000000000000e+00
1.002306392602376718e+03 0.000000000000000000e+00
1.016256886997594165e+03 0.000000000000000000e+00
1.030401549857975169e+03 0.000000000000000000e+00
1.044743083696540225e+03 0.000000000000000000e+00
1.059284228640965466e+03 0.000000000000000000e+00
1.074027762957083951e+03 0.000000000000000000e+00
1.088976503579742030e+03 0.000000000000000000e+00
1.104133306650975555e+03 0.000000000000000000e+00
1.119501068065745358e+03 0.000000000000000000e+00
1.135082724025198786e+03 0.000000000000000000e+00
1.150881251597703567e+03 0.000000000000000000e+00
1.166899669287616462e+03 0.000000000000000000e+00
1.183141037612043192e+03 0.000000000000000000e+00
1.199608459685551225e+03 0.000000000000000000e+00
1.216305081813095285e+03 0.000000000000000000e+00
1.233234094091119687e+03 0.000000000000000000e+00
1.250398731017105547e+03 0.000000000000000000e+00
1.267802272107520594e+03 0.000000000000000000e+00
1.285448042524452831e+03 0.000000000000000000e+00
1.303339413710882809e+03 0.000000000000000000e+00
1.321479804034880317e+03 0.000000000000000000e+00
1.339872679442685012e+03 0.000000000000000000e+00
1.358521554120959991e+03 0.000000000000000000e+00
1.377429991168178276e+03 0.000000000000000000e+00
1.396601603275440311e+03 0.000000000000000000e+00
1.416040053416678575e+03 0.000000000000000000e+00
1.435749055548560136e+03 0.000000000000000000e+00
1.455732375320037136e+03 0.000000000000000000e+00
1.475993830791868277e+03 0.000000000000000000e+00
1.496537293166058816e+03 0.000000000000000000e+00
1.517366687525549196e+03 0.000000000000000000e+00
1.538485993584103198e+03 0.000000000000000000e+00
1.559899246446730103e+03 0.000000000000000000e+00
1.581610537380591268e+03 0.000000000000000000e+00
1.603624014596738562e+03 0.000000000000000000e+00
1.625943884042630543e+03 0.000000000000000000e+00
1.648574410205781533e+03 0.000000000000000000e+00
1.671519916928493103e+03 0.000000000000000000e+00
1.694784788234030884e+03 0.000000000000000000e+00
1.718373469164192329e+03 0.000000000000000000e+00
1.742290466628641752e+03 0.000000000000000000e+00
1.766540350265955794e+03 0.000000000000000000e+00
1.791127753316758572e+03 0.000000000000000000e+00
1.816057373508938554e+03 0.000000000000000000e+00
1.841333973955185684e+03 0.000000000000000000e+00
1.866962384063095215e+03 0.000000000000000000e+00
1.892947500457824390e+03 0.000000000000000000e+00
1.919294287917716247e+03 0.000000000000000000e+00
1.946007780322818235e+03 0.000000000000000000e+00
1.973093081616731979e+03 0.000000000000000000e+00
2.000555366781719613e+03 0.000000000000000000e+00
2.028399882827513693e+03 0.000000000000000000e+00
2.056631949793757940e+03 0.000000000000000000e+00
2.085256961766532186e+03 0.000000000000000000e+00
2.114280387908894227e+03 0.000000000000000000e+00
2.143707773505896057e+03 0.000000000000000000e+00
2.173544741024012637e+03 0.000000000000000000e+00
2.203796991185454317e+03 0.000000000000000000e+00
2.234470304057285830e+03 0.000000000000000000e+00
2.265570540155856179e+03 0.000000000000000000e+00
2.297103641566446640e+03 0.000000000000000000e+00
2.329075633078655756e+03 0.000000000000000000e+00
2.361492623337432633e+03 0.000000000000000000e+00
2.394360806010288343e+03 0.000000000000000000e+00
2.427686460970593544e+03 0.000000000000000000e+00
2.461475955497504401e+03 0.000000000000000000e+00
2.495735745492431306e+03 0.000000000000000000e+00
2.530472376712600180e+03 0.000000000000000000e+00
2.565692486021616332e+03 0.000000000000000000e+00
2.601402802657605207e+03 0.000000000000000000e+00
2.637610149518830895e+03 0.000000000000000000e+00
2.674321444467379933e+03 0.000000000000000000e+00
2.711543701650820367e+03 0.000000000000000000e+00
2.749284032842426768e+03 0.000000000000000000e+00
2.787549648799886199e+03 0.000000000000000000e+00
2.826347860643090371e+03 0.000000000000000000e+00
2.865686081250925781e+03 0.000000000000000000e+00
2.905571826677688932e+03 0.000000000000000000e+00
2.946012717589026124e+03 0.000000000000000000e+00
2.987016480718053117e+03 0.000000000000000000e+00
3.028590950341545067e+03 0.000000000000000000e+00
3.070744069776871129e+03 0.000000000000000000e+00
3.113483892899563216e+03 0.000000000000000000e+00
3.156818585682211051e+03 0.000000000000000000e+00
3.200756427754568904e+03 0.000000000000000000e+00
3.245305813985585246e+03 0.000000000000000000e+00
3.290475256087240723e+03 0.000000000000000000e+00
3.336273384240924770e+03 0.000000000000000000e+00
3.382708948746228543e+03 0.000000000000000000e+00
3.429790821692908594e+03 0.000000000000000000e+00
3.477527998655898045e+03 0.000000000000000000e+00
3.525929600414120614e+03 0.000000000000000000e+00
3.575004874693087004e+03 0.000000000000000000e+00
3.624763197931743434e+03 0.000000000000000000e+00
3.675214077074058423e+03 0.000000000000000000e+00
3.726367151385324178e+03 0.000000000000000000e+00
3.778232194293976590e+03 0.000000000000000000e+00
3.830819115258809688e+03 0.000000000000000000e+00
3.884137961662422640e+03 0.000000000000000000e+00
3.938198920730772898e+03 0.000000000000000000e+00
3.993012321479697221e+03 0.000000000000000000e+00
4.048588636688269162e+03 0.000000000000000000e+00
4.104938484899886134e+03 0.000000000000000000e+00
4.162072632450939636e+03 0.000000000000000000e+00
4.220001995527990402e+03 0.000000000000000000e+00
4.278737642253307058e+03 0.000000000000000000e+00
4.338290794799704599e+03 0.000000000000000000e+00
4.398672831534539000e+03 0.000000000000000000e+00
4.459895289193830649e+03 0.000000000000000000e+00
4.521969865086352002e+03 0.000000000000000000e+00
4.584908419328690798e+03 0.000000000000000000e+00
4.648722977111127875e+03 0.000000000000000000e+00
4.713425730995342747e+03 0.000000000000000000e+00
4.779029043243805063e+03 0.000000000000000000e+00
4.845545448181893335e+03 0.000000000000000000e+00
4.912987654592572653e+03 0.000000000000000000e+00
4.981368548144726446e+03 0.000000000000000000e+00
5.050701193854963094e+03 0.000000000000000000e+00
5.120998838584007899e+03 0.000000000000000000e+00
5.192274913567520343e+03 0.000000000000000000e+00
5.264543036982461672e+03 0.000000000000000000e+00
5.337817016548848187e+03 0.000000000000000000e+00
5.412110852168057136e+03 0.000000000000000000e+00
5.487438738597509655e+03 0.000000000000000000e+00
5.563815068162929492e+03 0.000000000000000000e+00
5.641254433507998328e+03 0.000000000000000000e+00
5.719771630382639160e+03 0.000000000000000000e+00
5.799381660469748567e+03 0.000000000000000000e+00
5.880099734251633890e+03 0.000000000000000000e+00
5.961941273915981583e+03 0.000000000000000000e+00
6.044921916302645513e+03 0.000000000000000000e+00
6.129057515891066032e+03 0.000000000000000000e+00
6.214364147829657668e+03 0.000000000000000000e+00
6.300858111006973559e+03 0.000000000000000000e+00
6.388555931166003575e+03 0.000000000000000000e+00
6.477474364061422420e+03 0.000000000000000000e+00
6.567630398661192885e+03 0.000000000000000000e+00
6.659041260392301410e+03 0.000000000000000000e+00
6.751724414432111189e+03 0.000000000000000000e+00
6.845697569045078126e+03 0.000000000000000000e+00
6.940978678966326697e+03 0.000000000000000000e+00
7.037585948832044778e+03 0.000000000000000000e+00
7.135537836657616936e+03 0.000000000000000000e+00
7.234853057364459346e+03 0.000000000000000000e+00
7.335550586355501764e+03 0.000000000000000000e+00
7.437649663140910889e+03 0.000000000000000000e+00
7.541169795013800467e+03 0.000000000000000000e+00
7.646130760777578871e+03 0.000000000000000000e+00
7.752552614524692217e+03 0.000000000000000000e+00
7.860455689468455603e+03 0.000000000000000000e+00
7.969860601827711434e+03 0.000000000000000000e+00
8.080788254766070168e+03 0.000000000000000000e+00
8.193259842385459706e+03 0.000000000000000000e+00
8.307296853775784257e+03 0.000000000000000000e+00
8.422921077120414338e+03 0.000000000000000000e+00
8.540154603859355120e+03 0.000000000000000000e+00
8.659019832909823890e+03 0.000000000000000000e+00
8.779539474946110204e+03 0.000000000000000000e+00
8.901736556738458603e+03 0.000000000000000000e+00
9.025634425552894754e+03 0.000000000000000000e+00
9.151256753611722161e+03 0.000000000000000000e+00
9.278627542616697610e+03 0.000000000000000000e+00
9.407771128334537934e+03 0.000000000000000000e+00
9.538712185246886293e+03 0.000000000000000000e+00
9.671475731264365095e+03 0.000000000000000000e+00
9.806087132506869239e+03 0.000000000000000000e+00
9.942572108149761334e+03 0.000000000000000000e+00
1.008095673533816080e+04 0.000000000000000000e+00
1.022126745416897938e+04 0.000000000000000000e+00
1.036353107274295871e+04 0.000000000000000000e+00
1.050777477228635507e+04 0.000000000000000000e+00
1.065402611234458891e+04 0.000000000000000000e+00
1.080231303604749519e+04 0.000000000000000000e+00
1.095266387544854842e+04 0.000000000000000000e+00
1.110510735693770766e+04 0.000000000000000000e+00
1.125967260673029341e+04 0.000000000000000000e+00
1.141638915643156724e+04 0.000000000000000000e+00
1.157528694867946069e+04 0.000000000000000000e+00
1.173639634286512228e+04 0.000000000000000000e+00
1.189974812093384026e+04 0.000000000000000000e+00
1.206537349326591357e+04 0.000000000000000000e+00
1.223330410464018860e+04 0.000000000000000000e+00
1.240357204027978150e+04 0.000000000000000000e+00
1.257620983198275644e+04 0.000000000000000000e+00
1.275125046433733223e+04 0.000000000000000000e+00
1.292872738102439871e+04 0.000000000000000000e+00
1.310867449120692800e+04 0.000000000000000000e+00
1.329112617600912199e+04 0.000000000000000000e+00
1.347611729508517783e+04 0.000000000000000000e+00
1.366368319327950303e+04 0.000000000000000000e+00
1.385385970738016476e+04 0.000000000000000000e+00
1.404668317296550958e+04 0.000000000000000000e+00
1.424219043134697677e+04 0.000000000000000000e+00
1.444041883660762687e+04 0.000000000000000000e+00
1.464140626273957241e+04 0.000000000000000000e+00
1.484519111087979581e+04 0.000000000000000000e+00
1.505181231664764164e+04 0.000000000000000000e+00
1.526130935758346459e+04 0.000000000000000000e+00
1.547372226069179669e+04 0.000000000000000000e+00
1.568909161008850242e+04 0.000000000000000000e+00
1.590745855475537610e+04 0.000000000000000000e+00
1.612886481640166312e+04 0.000000000000000000e+00
1.635335269743602112e+04 0.000000000000000000e+00
1.658096508904839357e+04 0.000000000000000000e+00
1.681174547940543198e+04 0.000000000000000000e+00
1.704573796195892646e+04 0.000000000000000000e+00
1.728298724387093171e+04 0.000000000000000000e+00
1.752353865455507548e+04 0.000000000000000000e+00
1.776743815433786949e+04 0.000000000000000000e+00
1.801473234323944052e+04 0.000000000000000000e+00
1.826546846987759272e+04 0.000000000000000000e+00
1.851969444049467711e+04 0.000000000000000000e+00
1.877745882811125921e+04 0.000000000000000000e+00
1.903881088180599545e+04 0.000000000000000000e+00
1.930380053612588381e+04 0.000000000000000000e+00
1.957247842062627024e+04 0.000000000000000000e+00
1.984489586954486731e+04 0.000000000000000000e+00
2.012110493160917031e+04 0.000000000000000000e+00
2.040115837998165443e+04 0.000000000000000000e+00
2.068510972234207657e+04 0.000000000000000000e+00
2.097301321111145808e+04 0.000000000000000000e+00
2.126492385381699933e+04 0.000000000000000000e+00
2.156089742360263335e+04 0.000000000000000000e+00
2.186099046988449118e+04 0.000000000000000000e+00
2.216526032915605538e+04 0.000000000000000000e+00
2.247376513594231437e+04 0.000000000000000000e+00
2.278656383390778501e+04 0.000000000000000000e+00
2.310371618711770861e+04 0.000000000000000000e+00
2.342528279145746274e+04 0.000000000000000000e+00
2.375132508620939552e+04 0.000000000000000000e+00
2.408190536579232503e+04 0.000000000000000000e+00
2.441708679166288493e+04 0.000000000000000000e+00
2.475693340438409359e+04 0.000000000000000000e+00
2.510151013586029876e+04 0.000000000000000000e+00
2.545088282174402048e+04 0.000000000000000000e+00
2.580511821401386624e+04 0.000000000000000000e+00
2.616428399372902641e+04 0.000000000000000000e+00
2.652844878396029526e+04 0.000000000000000000e+00
2.689768216290100827e+04 0.000000000000000000e+00
2.727205467716158455e+04 0.000000000000000000e+00
2.765163785524746709e+04 0.000000000000000000e+00
2.803650422122639793e+04 0.000000000000000000e+00
2.842672730858414798e+04 0.000000000000000000e+00
2.882238167427491499e+04 0.000000000000000000e+00
2.922354291296542942e+04 0.000000000000000000e+00
2.963028767147917824e+04 0.000000000000000000e+00
3.004269366343979709e+04 0.000000000000000000e+00
3.046083968412016111e+04 0.000000000000000000e+00
3.088480562549624665e+04 0.000000000000000000e+00
3.131467249151245414e+04 0.000000000000000000e+00
3.175052241355741717e+04 0.000000000000000000e+00
3.219243866615724255e+04 0.000000000000000000e+00
3.264050568288510112e+04 0.000000000000000000e+00
3.309480907249435404e+04 0.000000000000000000e+00
3.355543563527413062e+04 0.000000000000000000e+00
3.402247337963461177e+04 0.000000000000000000e+00
3.449601153892112052e+04 0.000000000000000000e+00
3.497614058846428816e+04 0.000000000000000000e+00
3.546295226286540856e+04 0.000000000000000000e+00
3.595653957352459111e+04 0.000000000000000000e+00
3.645699682641059189e+04 0.000000000000000000e+00
3.696441964008031937e+04 0.000000000000000000e+00
3.747890496394673391e+04 0.000000000000000000e+00
3.800055109680343594e+04 0.000000000000000000e+00
3.852945770560467645e+04 0.000000000000000000e+00
3.906572584450917930e+04 0.000000000000000000e+00
3.960945797418654547e+04 0.000000000000000000e+00
4.016075798139488325e+04 0.000000000000000000e+00
4.071973119882840547e+04 0.000000000000000000e+00
4.128648442524381244e+04 0.000000000000000000e+00
4.186112594586423074e+04 0.000000000000000000e+00
4.244376555306975933e+04 0.000000000000000000e+00
4.303451456737333501e+04 0.000000000000000000e+00
4.363348585869122326e+04 0.000000000000000000e+00
4.424079386790687568e+04 0.000000000000000000e+00
4.485655462873765646e+04 0.000000000000000000e+00
4.548088578990307724e+04 0.000000000000000000e+00
4.611390663760454481e+04 0.000000000000000000e+00
4.675573811831494095e+04 0.000000000000000000e+00
4.740650286188848258e+04 0.000000000000000000e+00
4.806632520498910162e+04 0.000000000000000000e+00
4.873533121484812000e+04 0.000000000000000000e+00
4.941364871334931377e+04 0.000000000000000000e+00
5.010140730145252019e+04 0.000000000000000000e+00
5.079873838395385246e+04 0.000000000000000000e+00
5.150577519459365431e+04 0.000000000000000000e+00
5.222265282151183783e+04 0.000000000000000000e+00
5.294950823305753875e+04 0.000000000000000000e+00
5.368648030396005925e+04 0.000000000000000000e+00
5.443370984186091664e+04 0.000000000000000000e+00
5.519133961421861022e+04 0.000000000000000000e+00
5.595951437558436010e+04 0.000000000000000000e+00
5.673838089526104886e+04 0.000000000000000000e+00
5.752808798534348898e+04 0.000000000000000000e+00
5.832878652915266866e+04 0.000000000000000000e+00
5.914062951006198273e+04 0.000000000000000000e+00
5.996377204072855238e+04 0.000000000000000000e+00
6.079837139272742934e+04 0.000000000000000000e+00
6.164458702660229028e+04 0.000000000000000000e+00
6.250258062233032251e+04 0.000000000000000000e+00
6.337251611021522695e+04 0.000000000000000000e+00
6.425455970220606832e+04 0.000000000000000000e+00
6.514887992365621903e+04 0.000000000000000000e+00
6.605564764552010456e+04 0.000000000000000000e+00
6.697503611700232432e+04 0.000000000000000000e+00
6.790722099865695054e+04 0.000000000000000000e+00
6.885238039595179725e+04 0.000000000000000000e+00
6.981069489329548378e+04 0.000000000000000000e+00
7.078234758854252868e+04 0.000000000000000000e+00
7.176752412797424768e+04 0.000000000000000000e+00
7.276641274177102605e+04 0.000000000000000000e+00
7.377920427997371007e+04 0.000000000000000000e+00
7.480609224895028456e+04 0.000000000000000000e+00
7.584727284836514445e+04 0.000000000000000000e+00
7.690294500866805902e+04 0.000000000000000000e+00
7.797331042909967073e+04 0.000000000000000000e+00
7.905857361623126781e+04 0.000000000000000000e+00
8.015894192303567252e+04 0.000000000000000000e+00
8.127462558850724599e+04 0.000000000000000000e+00
8.240583777782793914e+04 0.000000000000000000e+00
8.355279462309789960e+04 0.000000000000000000e+00
8.471571526462740439e+04 0.000000000000000000e+00
8.589482189280912280e+04 0.000000000000000000e+00
8.709033979056755197e+04 0.000000000000000000e+00
8.830249737640492094e+04 0.000000000000000000e+00
8.953152624804052175e+04 0.000000000000000000e+00
9.077766122666318552e+04 0.000000000000000000e+00
9.204114040179392032e+04 0.000000000000000000e+00
9.332220517677874886e+04 0.000000000000000000e+00
9.462110031490889378e+04 0.000000000000000000e+00
9.593807398618877050e+04 0.000000000000000000e+00
9.727337781474893563e+04 0.000000000000000000e+00
9.862726692692509096e+04 0.000000000000000000e+00
1.000000000000000000e+05 0.000000000000000000e+00
